Date,CM.Block,Large.CM.RedTrap,Heck,Fred,Raff,Raff.2,Hall.Stand,Hall.Pydrin,Bill,Muss1,Muss2,SCM,Bvl.1,Bvl.3,Bvl.4,Bvl.7,PP.1,PP.2,Spur
6/1/1981,67,,0,4,,,0,0,,,,,,,,,,,
6/8/1981,42,,3,1,,,0,0,,,,,,,,,,,
6/15/1981,8,,2,0,,,4,1,,,,,,,,,,,
6/22/1981,0,,0,1,,,3,0,,,,,,,,,,,
6/29/1981,0,,0,0,,,0,0,,,,,,,,,,,
7/6/1981,0,,0,0,,,0,0,,,,,,,,,,,
7/13/1981,0,,0,0,,,1,0,,,,,,,,,,,
7/20/1981,8,,0,0,,,0,0,,,,,,,,,,,
7/27/1981,12,,0,3,,,0,0,,,,,,,,,,,
8/3/1981,33,,0,0,,,0,0,,,,,,,,,,,
8/10/1981,30,,0,2,,,0,0,,,,,,,,,,,
8/17/1981,16,,1,6,,,0,0,,,,,,,,,,,
8/24/1981,5,,2,0,,,0,0,,,,,,,,,,,
8/31/1981,2,,0,1,,,0,0,,,,,,,,,,,
9/8/1981,1,,0,0,,,0,0,,,,,,,,,,,
9/14/1981,2,,0,0,,,0,0,,,,,,,,,,,
9/21/1981,1,,0,1,,,0,0,,,,,,,,,,,
9/28/1981,0,,0,3,,,0,0,,,,,,,,,,,
10/6/1981,0,,2,0,,,0,0,,,,,,,,,,,
10/13/1981,0,,0,0,,,0,0,,,,,,,,,,,
5/28/1982,0,,0,0,,,,,0,0,0,,,,,,,,
6/4/1982,37,,0,4,,,,,3,9,7,,,,,,,,
6/11/1982,5,,5,5,,,,,3,1,3,,,,,,,,
6/18/1982,1,,0,1,,,,,0,0,0,,,,,,,,
6/25/1982,2,,6,7,,,,,1,0,34,,,,,,,,
7/2/1982,1,,11,3,,,,,2,0,10,,,,,,,,
7/9/1982,3,,3,1,,,,,1,1,11,,,,,,,,
7/16/1982,0,,0,0,,,,,1,0,11,,,,,,,,
7/23/1982,0,,0,2,,,,,0,0,0,,,,,,,,
7/30/1982,4,,0,0,,,,,1,0,0,,,,,,,,
8/6/1982,5,,5,6,,,,,4,6,8,,,,,,,,
8/13/1982,3,,3,3,,,,,4,3,5,,,,,,,,
8/20/1982,2,,1,6,,,,,0,0,13,,,,,,,,
8/27/1982,4,,5,5,,,,,5,1,24,,,,,,,,
9/3/1982,0,,7,7,,,,,7,6,15,,,,,,,,
9/10/1982,0,,0,0,,,,,0,1,0,,,,,,,,
9/17/1982,4,,0,0,,,,,0,0,2,,,,,,,,
9/24/1982,1,,0,0,,,,,0,0,3,,,,,,,,
10/4/1982,3,,0,0,,,,,0,4,2,,,,,,,,
10/11/1982,1,,0,0,,,,,0,0,5,,,,,,,,
5/27/1983,,,,,,,,,,,,,,,,,,,
6/3/1983,0,,,0,,,,,,0,0,,,,,,,,
6/10/1983,13,,,0,,,,,,0,0,,,,,,,,
6/17/1983,18,,,11,,,,,,2,3,,,,,,,,
6/24/1983,4,,,1,,,,,,1,2,,,,,,,,
7/1/1983,0,,,1,,,,,,0,1,,,,,,,,
7/8/1983,1,,,0,,,,,,0,1,,,,,,,,
7/15/1983,0,,,0,,,,,,0,0,,,,,,,,
7/22/1983,0,,,1,,,,,,2,0,,,,,,,,
7/29/1983,0,,,9,,,,,,0,2,,,,,,,,
8/5/1983,0,,,32,,,,,,0,4,,,,,,,,
8/12/1983,3,,,27,,,,,,1,3,,,,,,,,
8/19/1983,7,,,4,,,,,,0,2,,,,,,,,
8/26/1983,3,,,48,,,,,,1,5,,,,,,,,
9/2/1983,0,,,5,,,,,,0,0,,,,,,,,
9/9/1983,0,,,13,,,,,,0,3,,,,,,,,
9/16/1983,1,,,10,,,,,,3,1,,,,,,,,
9/23/1983,4,,,22,,,,,,6,0,,,,,,,,
9/30/1983,2,,,15,,,,,,8,1,,,,,,,,
10/28/1983,1,,,2,,,,,,7,0,,,,,,,,
6/1/1984,NA,,,NA,NA,,,,,,,,,,,,,,
6/8/1984,0,,,1,0,,,,,,,,,,,,,,
6/15/1984,3,,,17,3,,,,,,,,,,,,,,
6/22/1984,0,,,2,1,,,,,,,,,,,,,,
6/29/1984,0,,,2,0,,,,,,,,,,,,,,
7/6/1984,0,,,0,0,,,,,,,,,,,,,,
7/13/1984,0,,,0,0,,,,,,,,,,,,,,
7/20/1984,0,,,0,0,,,,,,,,,,,,,,
7/27/1984,1,,,4,0,,,,,,,,,,,,,,
8/3/1984,1,,,2,2,,,,,,,,,,,,,,
8/10/1984,1,,,6,3,,,,,,,,,,,,,,
8/17/1984,1,,,2,2,,,,,,,,,,,,,,
8/24/1984,2,,,2,0,,,,,,,,,,,,,,
9/1/1984,4,,,0,1,,,,,,,,,,,,,,
9/7/1984,0,,,1,2,,,,,,,,,,,,,,
9/14/1984,1,,,2,1,,,,,,,,,,,,,,
10/2/1984,12,,,8,10,,,,,,,,,,,,,,
5/24/1985,9,,,19,,,,,,,,,,,,,,,
5/31/1985,60,,,42,,,,,,,,,,,,,,,
6/7/1985,14,,,7,,,,,,,,,,,,,,,
6/14/1985,1,,,0,,,,,,,,,,,,,,,
6/21/1985,NA,,,,,,,,,,,,,,,,,,
6/28/1985,0,,,2,,,,,,,,,,,,,,,
7/5/1985,0,,,0,,,,,,,,,,,,,,,
7/12/1985,0,,,0,,,,,,,,,,,,,,,
7/19/1985,2,,,5,,,,,,,,,,,,,,,
7/26/1985,8,,,11,,,,,,,,,,,,,,,
8/2/1985,4,,,15,,,,,,,,,,,,,,,
8/9/1985,5,,,9,,,,,,,,,,,,,,,
8/16/1985,6,,,6,,,,,,,,,,,,,,,
8/23/1985,1,,,2,,,,,,,,,,,,,,,
8/30/1985,0,,,1,,,,,,,,,,,,,,,
9/6/1985,4,,,1,,,,,,,,,,,,,,,
9/13/1985,2,,,1,,,,,,,,,,,,,,,
9/20/1985,7,,,12,,,,,,,,,,,,,,,
10/4/1985,9,,,29,,,,,,,,,,,,,,,
5/25/1986,0,0,,,0,,,,,,,,,,,,,,
5/30/1986,11,0,,,0,,,,,,,,,,,,,,
6/6/1986,11,2,,,7,,,,,,,,,,,,,,
6/13/1986,6,0,,,3,,,,,,,,,,,,,,
6/20/1986,0,1,,,2,,,,,,,,,,,,,,
6/27/1986,1,0,,,3,,,,,,,,,,,,,,
7/3/1986,0,0,,,0,,,,,,,,,,,,,,
7/11/1986,0,0,,,0,,,,,,,,,,,,,,
7/18/1986,3,1,,,0,,,,,,,,,,,,,,
7/25/1986,9,9,,,1,,,,,,,,,,,,,,
8/1/1986,4,5,,,8,,,,,,,,,,,,,,
8/8/1986,3,1,,,0,,,,,,,,,,,,,,
8/15/1986,8,1,,,11,,,,,,,,,,,,,,
8/22/1986,0,0,,,1,,,,,,,,,,,,,,
8/29/1986,3,0,,,0,,,,,,,,,,,,,,
9/4/1986,0,0,,,1,,,,,,,,,,,,,,
9/12/1986,1,0,,,1,,,,,,,,,,,,,,
9/19/1986,8,0,,,4,,,,,,,,,,,,,,
5/29/1987,3,,,,0,,,,,,,,,,,,,,
6/5/1987,53,,,,3,,,,,,,,,,,,,,
6/12/1987,11,,,,4,,,,,,,,,,,,,,
6/19/1987,3,,,,0,,,,,,,,,,,,,,
6/26/1987,1,,,,0,,,,,,,,,,,,,,
7/2/1987,0,,,,1,,,,,,,,,,,,,,
7/10/1987,0,,,,0,,,,,,,,,,,,,,
7/17/1987,2,,,,0,,,,,,,,,,,,,,
7/24/1987,9,,,,9,,,,,,,,,,,,,,
7/31/1987,9,,,,6,,,,,,,,,,,,,,
8/7/1987,7,,,,5,,,,,,,,,,,,,,
8/14/1987,6,,,,3,,,,,,,,,,,,,,
8/21/1987,1,,,,4,,,,,,,,,,,,,,
8/28/1987,6,,,,2,,,,,,,,,,,,,,
9/4/1987,10,,,,1,,,,,,,,,,,,,,
9/11/1987,8,,,,0,,,,,,,,,,,,,,
9/18/1987,12,,,,9,,,,,,,,,,,,,,
9/25/1987,7,,,,12,,,,,,,,,,,,,,
10/2/1987,2,,,,3,,,,,,,,,,,,,,
5/20/1988,0,,,,0,,,,,,,,,,,,,,
5/27/1988,0,,,,0,,,,,,,,,,,,,,
6/3/1988,5,,,,0,,,,,,,,,,,,,,
6/10/1988,19,,,,4,,,,,,,,,,,,,,
6/17/1988,18,,,,6,,,,,,,,,,,,,,
6/24/1988,3,,,,0,,,,,,,,,,,,,,
7/1/1988,0,,,,1,,,,,,,,,,,,,,
7/8/1988,0,,,,0,,,,,,,,,,,,,,
7/15/1988,1,,,,1,,,,,,,,,,,,,,
7/22/1988,0,,,,0,,,,,,,,,,,,,,
7/29/1988,4,,,,0,,,,,,,,,,,,,,
8/5/1988,9,,,,0,,,,,,,,,,,,,,
8/12/1988,9,,,,1,,,,,,,,,,,,,,
8/19/1988,0,,,,2,,,,,,,,,,,,,,
8/26/1988,1,,,,0,,,,,,,,,,,,,,
9/2/1988,2,,,,0,,,,,,,,,,,,,,
9/9/1988,0,,,,0,,,,,,,,,,,,,,
9/16/1988,0,,,,0,,,,,,,,,,,,,,
6/2/1989,0,,,,0,,,,,,,,,,,,,,
6/9/1989,12,,,,0,,,,,,,,,,,,,,
6/16/1989,5,,,,0,,,,,,,,,,,,,,
6/23/1989,2,,,,0,,,,,,,,,,,,,,
6/30/1989,0,,,,0,,,,,,,,,,,,,,
7/7/1989,0,,,,0,,,,,,,,,,,,,,
7/14/1989,0,,,,0,,,,,,,,,,,,,,
7/21/1989,0,,,,0,,,,,,,,,,,,,,
7/28/1989,3,,,,0,,,,,,,,,,,,,,
8/4/1989,11,,,,1,,,,,,,,,,,,,,
8/11/1989,10,,,,3,,,,,,,,,,,,,,
8/18/1989,6,,,,1,,,,,,,,,,,,,,
8/25/1989,12,,,,8,,,,,,,,,,,,,,
9/1/1989,4,,,,0,,,,,,,,,,,,,,
9/8/1989,0,,,,0,,,,,,,,,,,,,,
9/15/1989,9,,,,0,,,,,,,,,,,,,,
5/25/1990,0,,,0,,,,,,,,,,,,,,,
6/1/1990,1,,,0,,,,,,,,,,,,,,,
6/8/1990,64,,,2,,,,,,,,,,,,,,,
6/15/1990,38,,,0,,,,,,,,,,,,,,,
6/22/1990,2,,,0,,,,,,,,,,,,,,,
6/29/1990,0,,,0,,,,,,,,,,,,,,,
7/6/1990,0,,,0,,,,,,,,,,,,,,,
7/13/1990,0,,,0,,,,,,,,,,,,,,,
7/20/1990,0,,,0,,,,,,,,,,,,,,,
7/27/1990,17,,,4,,,,,,,,,,,,,,,
8/3/1990,18,,,7,,,,,,,,,,,,,,,
8/10/1990,12,,,5,,,,,,,,,,,,,,,
8/17/1990,13,,,3,,,,,,,,,,,,,,,
8/24/1990,4,,,1,,,,,,,,,,,,,,,
8/31/1990,10,,,1,,,,,,,,,,,,,,,
9/7/1990,10,,,0,,,,,,,,,,,,,,,
9/14/1990,7,,,4,,,,,,,,,,,,,,,
9/25/1990,12,,,6,,,,,,,,,,,,,,,
10/5/1990,14,,,7,,,,,,,,,,,,,,,
3/15/1991,,,,,,,,,,,,,,,,,,,
3/22/1991,,,,,,,,,,,,,,,,,,,
3/29/1991,,,,,,,,,,,,,,,,,,,
4/5/1991,,,,,,,,,,,,,,,,,,,
4/12/1991,,,,,,,,,,,,,,,,,,,
4/19/1991,,,,,,,,,,,,,,,,,,,
4/26/1991,,,,,,,,,,,,,,,,,,,
5/3/1991,,,,,,,,,,,,,,,,,,,
5/10/1991,,,,,,,,,,,,,,,,,,,
5/17/1991,,,,,,,,,,,,,,,,,,,
5/24/1991,0,,,,0,,,,,,,,,,,,,,
5/31/1991,37,,,,2,,,,,,,,,,,,,,
6/7/1991,11,,,,1,,,,,,,,,,,,,,
6/14/1991,0,,,,0,,,,,,,,,,,,,,
6/21/1991,0,,,,0,,,,,,,,,,,,,,
6/28/1991,0,,,,0,,,,,,,,,,,,,,
7/5/1991,0,,,,0,,,,,,,,,,,,,,
7/12/1991,1,,,,0,,,,,,,,,,,,,,
7/19/1991,22,,,,3,,,,,,,,,,,,,,
7/26/1991,27,,,,11,,,,,,,,,,,,,,
8/2/1991,7,,,,2,,,,,,,,,,,,,,
8/9/1991,18,,,,5,,,,,,,,,,,,,,
8/16/1991,7,,,,0,,,,,,,,,,,,,,
8/23/1991,3,,,,0,,,,,,,,,,,,,,
8/30/1991,0,,,,0,,,,,,,,,,,,,,
9/6/1991,0,,,,0,,,,,,,,,,,,,,
9/13/1991,0,,,,0,,,,,,,,,,,,,,
9/20/1991,0,,,,0,,,,,,,,,,,,,,
9/27/1991,,,,,,,,,,,,,,,,,,,
10/4/1991,,,,,,,,,,,,,,,,,,,
10/11/1991,,,,,,,,,,,,,,,,,,,
10/18/1991,,,,,,,,,,,,,,,,,,,
10/25/1991,,,,,,,,,,,,,,,,,,,
11/1/1991,,,,,,,,,,,,,,,,,,,
4/3/1992,,,,,,,,,,,,,,,,,,,
4/10/1992,,,,,,,,,,,,,,,,,,,
4/17/1992,,,,,,,,,,,,,,,,,,,
4/24/1992,,,,,,,,,,,,,,,,,,,
5/1/1992,,,,,,,,,,,,,,,,,,,
5/8/1992,,,,,,,,,,,,,,,,,,,
5/15/1992,,,,,,,,,,,,,,,,,,,
5/22/1992,,,,,0,,,,,,,0,,,,,,,
5/29/1992,,,,,0,,,,,,,0,,,,,,,
6/5/1992,,,,,0,,,,,,,0,,,,,,,
6/12/1992,,,,,2,,,,,,,21,,,,,,,
6/19/1992,,,,,0,,,,,,,18,,,,,,,
6/26/1992,,,,,0,,,,,,,0,,,,,,,
7/3/1992,,,,,1,,,,,,,0,,,,,,,
7/10/1992,,,,,0,,,,,,,0,,,,,,,
7/17/1992,,,,,0,,,,,,,0,,,,,,,
7/24/1992,,,,,0,,,,,,,1,,,,,,,
7/31/1992,,,,,1,,,,,,,2,,,,,,,
8/7/1992,,,,,1,,,,,,,3,,,,,,,
8/14/1992,,,,,2,,,,,,,6,,,,,,,
8/21/1992,,,,,0,,,,,,,9,,,,,,,
8/28/1992,,,,,0,,,,,,,9,,,,,,,
9/4/1992,,,,,1,,,,,,,17,,,,,,,
9/11/1992,,,,,0,,,,,,,4,,,,,,,
9/18/1992,,,,,0,,,,,,,8,,,,,,,
9/25/1992,,,,,1,,,,,,,7,,,,,,,
10/2/1992,,,,,,,,,,,,,,,,,,,
10/9/1992,,,,,,,,,,,,,,,,,,,
10/16/1992,,,,,,,,,,,,,,,,,,,
4/16/1993,,,,,,,,,,,,,,,,,,,
4/23/1993,,,,,,,,,,,,,,,,,,,
4/30/1993,,,,,,,,,,,,,,,,,,,
5/7/1993,,,,,,,,,,,,,,,,,,,
5/14/1993,,,,,,,,,,,,,,,,,,,
5/21/1993,,,,,0,,,,,,,0,,,,,,,
5/28/1993,,,,,0,,,,,,,0,,,,,,,
6/4/1993,,,,,20,,,,,,,84,,,,,,,
6/11/1993,,,,,30,,,,,,,121,,,,,,,
6/18/1993,,,,,1,,,,,,,76,,,,,,,
6/25/1993,,,,,1,,,,,,,7,,,,,,,
7/2/1993,,,,,0,,,,,,,3,,,,,,,
7/9/1993,,,,,0,,,,,,,0,,,,,,,
7/16/1993,,,,,0,,,,,,,9,,,,,,,
7/23/1993,,,,,1,,,,,,,84,,,,,,,
7/30/1993,,,,,14,,,,,,,69,,,,,,,
8/6/1993,,,,,22,,,,,,,33,,,,,,,
8/13/1993,,,,,2,,,,,,,37,,,,,,,
8/20/1993,,,,,1,,,,,,,39,,,,,,,
8/27/1993,,,,,1,,,,,,,34,,,,,,,
9/3/1993,,,,,6,,,,,,,41,,,,,,,
9/10/1993,,,,,3,,,,,,,28,,,,,,,
9/17/1993,,,,,14,,,,,,,15,,,,,,,
9/24/1993,,,,,3,,,,,,,8,,,,,,,
10/1/1993,,,,,4,,,,,,,2,,,,,,,
9/24/1993,,,,,,,,,,,,,,,,,,,
10/1/1993,,,,,,,,,,,,,,,,,,,
4/8/1994,,,,,,,,,,,,,,,,,,,
4/15/1994,,,,,,,,,,,,,,,,,,,
4/22/1994,,,,,,,,,,,,,,,,,,,
4/29/1994,,,,,,,,,,,,,,,,,,,
5/6/1994,,,,,,,,,,,,,,,,,,,
5/13/1994,,,,,,,,,,,,,,,,,,,
5/20/1994,,,,,,,,,,,,,,,,,,,
5/27/1994,,,,,0,,,,,,,0,,,,,,,
6/3/1994,,,,,6,,,,,,,16,,,,,,,
6/10/1994,,,,,23,,,,,,,41,,,,,,,
6/17/1994,,,,,2,,,,,,,43,,,,,,,
6/24/1994,,,,,0,,,,,,,9,,,,,,,
7/1/1994,,,,,0,,,,,,,4,,,,,,,
7/8/1994,,,,,0,,,,,,,3,,,,,,,
7/15/1994,,,,,0,,,,,,,0,,,,,,,
7/22/1994,,,,,1,,,,,,,8,,,,,,,
7/29/1994,,,,,3,,,,,,,24,,,,,,,
8/5/1994,,,,,1,,,,,,,29,,,,,,,
8/12/1994,,,,,1,,,,,,,12,,,,,,,
8/19/1994,,,,,0,,,,,,,18,,,,,,,
8/26/1994,,,,,0,,,,,,,21,,,,,,,
9/2/1994,,,,,1,,,,,,,11,,,,,,,
9/9/1994,,,,,0,,,,,,,11,,,,,,,
9/16/1994,,,,,1,,,,,,,14,,,,,,,
9/23/1994,,,,,1,,,,,,,12,,,,,,,
9/30/1994,,,,,,,,,,,,,,,,,,,
10/7/1994,,,,,,,,,,,,,,,,,,,
10/14/1994,,,,,,,,,,,,,,,,,,,
3/20/1995,,,,,,,,,,,,,,,,,,,
3/27/1995,,,,,,,,,,,,,,,,,,,
3/31/1995,,,,,,,,,,,,,,,,,,,
4/7/1995,,,,,,,,,,,,,,,,,,,
4/14/1995,,,,,,,,,,,,,,,,,,,
4/21/1995,,,,,,,,,,,,,,,,,,,
4/28/1995,,,,,,,,,,,,,,,,,,,
5/5/1995,,,,,,,,,,,,,,,,,,,
5/12/1995,,,,,,,,,,,,,,,,,,,
5/19/1995,,,,,0,,,,,,,0,,,,,,,
5/26/1995,,,,,0,,,,,,,0,,,,,,,
6/2/1995,,,,,0,,,,,,,3,,,,,,,
6/9/1995,,,,,3,,,,,,,18,,,,,,,
6/16/1995,,,,,1,,,,,,,8,,,,,,,
6/23/1995,,,,,0,,,,,,,4,,,,,,,
6/30/1995,,,,,0,,,,,,,0,,,,,,,
7/7/1995,,,,,0,,,,,,,0,,,,,,,
7/14/1995,,,,,0,,,,,,,0,,,,,,,
7/21/1995,,,,,0,,,,,,,0,,,,,,,
7/28/1995,,,,,1,,,,,,,0,,,,,,,
8/4/1995,,,,,1,,,,,,,9,,,,,,,
8/11/1995,,,,,0,,,,,,,13,,,,,,,
8/18/1995,,,,,0,,,,,,,8,,,,,,,
8/25/1995,,,,,8,,,,,,,7,,,,,,,
9/1/1995,,,,,2,,,,,,,3,,,,,,,
9/8/1995,,,,,6,,,,,,,15,,,,,,,
9/15/1995,,,,,6,,,,,,,11,,,,,,,
9/22/1995,,,,,4,,,,,,,22,,,,,,,
9/29/1995,,,,,2,,,,,,,26,,,,,,,
4/12/1996,,,,,,,,,,,,,,,,,,,
4/19/1996,,,,,,,,,,,,,,,,,,,
4/26/1996,,,,,,,,,,,,,,,,,,,
5/3/1996,,,,,,,,,,,,,,,,,,,
5/10/1996,,,,,,,,,,,,,,,,,,,
5/17/1996,,,,,,,,,,,,,,,,,,,
5/24/1996,,,,,,,,,,,,,,,,,,,
5/31/1996,,,,,0,,,,,,,0,,,,,,,
6/7/1996,,,,,1,,,,,,,3,,,,,,,
6/14/1996,,,,,7,,,,,,,32,,,,,,,
6/21/1996,,,,,1,,,,,,,12,,,,,,,
6/28/1996,,,,,0,,,,,,,3,,,,,,,
7/5/1996,,,,,0,,,,,,,1,,,,,,,
7/12/1996,,,,,0,,,,,,,2,,,,,,,
7/19/1996,,,,,0,,,,,,,0,,,,,,,
7/26/1996,,,,,1,,,,,,,3,,,,,,,
8/2/1996,,,,,4,,,,,,,11,,,,,,,
8/9/1996,,,,,2,,,,,,,3,,,,,,,
8/16/1996,,,,,2,,,,,,,6,,,,,,,
8/23/1996,,,,,0,,,,,,,6,,,,,,,
8/30/1996,,,,,1,,,,,,,2,,,,,,,
9/6/1996,,,,,0,,,,,,,3,,,,,,,
9/13/1996,,,,,2,,,,,,,0,,,,,,,
9/20/1996,,,,,0,,,,,,,1,,,,,,,
9/27/1996,,,,,,,,,,,,,,,,,,,
10/4/1996,,,,,,,,,,,,,,,,,,,
3/28/1997,,,,,,,,,,,,,,,,,,,
4/4/1997,,,,,,,,,,,,,,,,,,,
4/11/1997,,,,,,,,,,,,,,,,,,,
4/18/1997,,,,,,,,,,,,,,,,,,,
4/24/1997,,,,,,,,,,,,,,,,,,,
5/1/1997,,,,,,,,,,,,,,,,,,,
5/8/1997,,,,,,,,,,,,,,,,,,,
5/15/1997,,,,,,,,,,,,,,,,,,,
5/22/1997,,,,,0,,,,,,,0,,,,,,,
5/29/1997,,,,,0,,,,,,,0,,,,,,,
6/5/1997,,,,,0,,,,,,,0,,,,,,,
6/12/1997,,,,,0,,,,,,,26,,,,,,,
6/19/1997,,,,,0,,,,,,,11,,,,,,,
6/26/1997,,,,,0,,,,,,,9,,,,,,,
7/3/1997,,,,,2,,,,,,,1,,,,,,,
7/10/1997,,,,,0,,,,,,,1,,,,,,,
7/17/1997,,,,,0,,,,,,,0,,,,,,,
7/24/1997,,,,,1,,,,,,,0,,,,,,,
7/31/1997,,,,,1,,,,,,,12,,,,,,,
8/7/1997,,,,,2,,,,,,,21,,,,,,,
8/14/1997,,,,,5,,,,,,,16,,,,,,,
8/21/1997,,,,,1,,,,,,,17,,,,,,,
8/28/1997,,,,,2,,,,,,,5,,,,,,,
9/4/1997,,,,,1,,,,,,,2,,,,,,,
9/11/1997,,,,,0,,,,,,,4,,,,,,,
9/18/1997,,,,,0,,,,,,,1,,,,,,,
9/25/1997,,,,,,,,,,,,,,,,,,,
10/2/1997,,,,,,,,,,,,,,,,,,,
10/9/1997,,,,,,,,,,,,,,,,,,,
3/26/1998,,,,,,,,,,,,,,,,,,,
4/2/1998,,,,,,,,,,,,,,,,,,,
4/9/1998,,,,,,,,,,,,,,,,,,,
4/16/1998,,,,,,,,,,,,,,,,,,,
4/23/1998,,,,,,,,,,,,,,,,,,,
4/30/1998,,,,,,,,,,,,,,,,,,,
5/7/1998,,,,,,,,,,,,,,,,,,,
5/14/1998,,,,,0,,,,,,,0,,,,,,,
5/21/1998,,,,,0,,,,,,,5,,,,,,,
5/28/1998,,,,,7,,,,,,,47,,,,,,,
6/4/1998,,,,,3,,,,,,,40,,,,,,,
6/11/1998,,,,,0,,,,,,,2,,,,,,,
6/18/1998,,,,,0,,,,,,,3,,,,,,,
6/25/1998,,,,,0,,,,,,,3,,,,,,,
7/2/1998,,,,,0,,,,,,,0,,,,,,,
7/9/1998,,,,,0,,,,,,,0,,,,,,,
7/16/1998,,,,,0,,,,,,,2,,,,,,,
7/23/1998,,,,,3,,,,,,,23,,,,,,,
7/30/1998,,,,,6,,,,,,,14,,,,,,,
8/6/1998,,,,,10,,,,,,,19,,,,,,,
8/13/1998,,,,,4,,,,,,,12,,,,,,,
8/20/1998,,,,,7,,,,,,,10,,,,,,,
8/27/1998,,,,,3,,,,,,,7,,,,,,,
9/3/1998,,,,,2,,,,,,,8,,,,,,,
9/10/1998,,,,,3,,,,,,,6,,,,,,,
9/17/1998,,,,,1,,,,,,,4,,,,,,,
9/24/1998,,,,,,,,,,,,,,,,,,,
10/1/1998,,,,,,,,,,,,,,,,,,,
10/8/1998,,,,,,,,,,,,,,,,,,,
10/15/1998,,,,,,,,,,,,,,,,,,,
3/26/1999,,,,,,,,,,,,,,,,,,,
4/2/1999,,,,,,,,,,,,,,,,,,,
4/9/1999,,,,,,,,,,,,,,,,,,,
4/16/1999,,,,,,,,,,,,,,,,,,,
4/23/1999,,,,,,,,,,,,,,,,,,,
4/30/1999,,,,,,,,,,,,,,,,,,,
5/7/1999,,,,,,,,,,,,,,,,,,,
5/14/1999,,,,,0,,,,,,,0,,,,,,,
5/21/1999,,,,,0,,,,,,,0,0,,,,,,
5/27/1999,,,,,0,,,,,,,0,0,,,0,0,0,
6/3/1999,,,,,18,,,,,,,13,3,,,1,1,0,
6/10/1999,,,,,54,,,,,,,65,15,,,2,0,0,
6/17/1999,,,,,6,,,,,,,9,0,,,1,1,2,
6/24/1999,,,,,0,,,,,,,3,0,,,3,0,6,
7/1/1999,,,,,1,,,,,,,1,0,,,13,9,0,
7/8/1999,,,,,0,,,,,,,0,0,,,7,5,4,
7/15/1999,,,,,0,,,,,,,0,0,,,9,3,5,
7/22/1999,,,,,0,,,,,,,3,0,,,6,1,5,
7/29/1999,,,,,22,,,,,,,29,7,,,9,10,17,
8/5/1999,,,,,46,,,,,,,33,18,,,3,6,2,
8/12/1999,,,,,8,,,,,,,20,7,,,1,5,7,
8/19/1999,,,,,18,,,,,,,41,8,,,5,0,20,
8/26/1999,,,,,9,,,,,,,12,3,,,8,2,27,
9/2/1999,,,,,8,,,,,,,5,3,,,15,2,9,
9/9/1999,,,,,0,,,,,,,15,1,,,5,1,10,
9/17/1999,,,,,1,,,,,,,10,0,,,4,0,1,
9/23/1999,,,,,0,,,,,,,2,1,,,3,0,0,
9/30/1999,,,,,,,,,,,,2,,,,,,,
10/6/1999,,,,,,,,,,,,,,,,,,,
10/14/1999,,,,,,,,,,,,,,,,,,,
10/21/1999,,,,,,,,,,,,,,,,,,,
10/28/1999,,,,,,,,,,,,,,,,,,,
3/10/2000,,,,,NA,,,,,,,NA,,,,,,,NA
3/16/2000,,,,,NA,,,,,,,NA,,,,,,,NA
3/17/2000,,,,,NA,,,,,,,NA,,,,,,,NA
3/23/2000,,,,,NA,,,,,,,NA,,,,,,,NA
3/30/2000,,,,,NA,,,,,,,NA,,,,,,,NA
4/6/2000,,,,,NA,NA,,,,,,NA,NA,NA,NA,NA,,,NA
4/13/2000,,,,,NA,NA,,,,,,NA,NA,NA,NA,NA,,,NA
4/17/2000,,,,,NA,NA,,,,,,NA,NA,NA,NA,NA,,,NA
4/20/2000,,,,,NA,NA,,,,,,NA,NA,NA,NA,NA,,,NA
4/24/2000,,,,,NA,NA,,,,,,NA,NA,NA,NA,NA,,,NA
4/27/2000,,,,,NA,NA,,,,,,NA,NA,NA,NA,NA,,,NA
5/1/2000,,,,,NA,0,,,,,,NA,NA,NA,NA,NA,,,NA
5/4/2000,,,,,NA,0,,,,,,NA,NA,NA,NA,NA,,,NA
5/8/2000,,,,,NA,1,,,,,,NA,NA,NA,NA,NA,,,NA
5/11/2000,,,,,NA,31,,,,,,NA,NA,NA,NA,NA,,,NA
5/15/2000,,,,,NA,95,,,,,,NA,NA,NA,NA,NA,,,NA
5/18/2000,,,,,0,6,,,,,,0,NA,NA,NA,NA,,,0
5/22/2000,,,,,NA,4,,,,,,NA,NA,NA,NA,NA,,,NA
5/25/2000,,,,,0,0,,,,,,1,NA,NA,NA,NA,,,0
5/30/2000,,,,,NA,0,,,,,,NA,NA,NA,NA,NA,,,NA
6/1/2000,,,,,38,0,,,,,,18,NA,NA,NA,NA,,,5
6/5/2000,,,,,NA,2,,,,,,NA,NA,NA,NA,NA,,,NA
6/8/2000,,,,,56,3,,,,,,36,NA,NA,NA,NA,,,21
6/12/2000,,,,,NA,3,,,,,,NA,NA,NA,NA,NA,,,NA
6/15/2000,,,,,66,2,,,,,,6,NA,NA,NA,NA,,,2
6/19/2000,,,,,NA,1,,,,,,NA,NA,NA,NA,NA,,,NA
6/22/2000,,,,,0,3,,,,,,0,NA,NA,NA,NA,,,1
6/26/2000,,,,,NA,2,,,,,,NA,NA,NA,NA,NA,,,NA
6/29/2000,,,,,4,2,,,,,,0,NA,NA,NA,NA,,,0
4/6/2001,,,,,NA,0,,,,,,NA,NA,NA,NA,NA,,,NA
4/13/2001,,,,,NA,NA,,,,,,NA,NA,NA,NA,NA,,,NA
4/20/2001,,,,,NA,NA,,,,,,NA,NA,NA,NA,NA,,,NA
4/27/2001,,,,,NA,NA,,,,,,NA,NA,NA,NA,NA,,,NA
5/4/2001,,,,,NA,NA,,,,,,NA,NA,NA,NA,NA,,,NA
5/11/2001,,,,,NA,NA,,,,,,NA,NA,NA,NA,NA,,,NA
5/18/2001,,,,,0,NA,,,,,,0,NA,NA,NA,NA,,,0
5/25/2001,,,,,0,NA,,,,,,0,NA,NA,NA,NA,,,0
6/1/2001,,,,,0,NA,,,,,,4,NA,NA,NA,NA,,,0
6/8/2001,,,,,52,NA,,,,,,68,NA,NA,NA,NA,,,16
6/15/2001,,,,,95,NA,,,,,,55,NA,NA,NA,NA,,,6
6/22/2001,,,,,6,NA,,,,,,4,NA,NA,NA,NA,,,2
6/29/2001,,,,,0,NA,,,,,,0,NA,NA,NA,NA,,,0
7/6/2001,,,,,0,NA,,,,,,0,NA,NA,NA,NA,,,0
7/13/2001,,,,,1,NA,,,,,,0,NA,NA,NA,NA,,,0
7/20/2001,,,,,0,NA,,,,,,0,NA,NA,NA,NA,,,0
7/27/2001,,,,,2,NA,,,,,,3,0,NA,NA,NA,,,2
8/3/2001,,,,,6,NA,,,,,,13,14,NA,NA,NA,,,9
8/10/2001,,,,,7,NA,,,,,,18,0,NA,NA,NA,,,9
8/17/2001,,,,,0,NA,,,,,,0,1,NA,NA,NA,,,1
8/24/2001,,,,,0,NA,,,,,,1,0,NA,NA,NA,,,2
8/31/2001,,,,,0,NA,,,,,,1,0,NA,NA,NA,,,0
9/7/2001,,,,,2,NA,,,,,,1,0,NA,NA,NA,,,0
9/14/2001,,,,,0,NA,,,,,,1,3,NA,NA,NA,,,1
9/21/2001,,,,,0,NA,,,,,,0,2,NA,NA,NA,,,1
9/28/2001,,,,,NA,NA,,,,,,NA,4,NA,NA,NA,,,NA
10/5/2001,,,,,NA,NA,,,,,,NA,2,NA,NA,NA,,,NA
10/12/2001,,,,,NA,NA,,,,,,NA,3,NA,NA,NA,,,NA
10/19/2001,,,,,NA,NA,,,,,,NA,0,NA,NA,NA,,,NA
10/26/2001,,,,,NA,NA,,,,,,NA,0,NA,NA,NA,,,NA
3/21/2002,,,,,NA,NA,,,,,,NA,0,NA,NA,NA,,,NA
3/28/2002,,,,,NA,NA,,,,,,NA,1,NA,NA,NA,,,NA
4/4/2002,,,,,NA,NA,,,,,,NA,NA,NA,NA,NA,,,NA
4/11/2002,,,,,NA,NA,,,,,,NA,NA,NA,NA,NA,,,NA
4/18/2002,,,,,NA,NA,,,,,,NA,NA,NA,NA,NA,,,NA
4/25/2002,,,,,NA,NA,,,,,,NA,NA,NA,NA,NA,,,NA
5/2/2002,,,,,NA,NA,,,,,,NA,NA,NA,NA,NA,,,NA
5/9/2002,,,,,NA,NA,,,,,,NA,NA,NA,NA,NA,,,NA
5/16/2002,,,,,NA,NA,,,,,,NA,NA,NA,NA,NA,,,NA
5/23/2002,,,,,NA,NA,,,,,,NA,NA,NA,NA,NA,,,NA
5/30/2002,,,,,0,NA,,,,,,0,NA,NA,NA,NA,,,NA
6/6/2002,,,,,63,NA,,,,,,57,NA,NA,NA,NA,,,NA
6/13/2002,,,,,34,NA,,,,,,15,NA,NA,NA,NA,,,NA
6/20/2002,,,,,6,NA,,,,,,3,NA,NA,NA,NA,,,NA
6/27/2002,,,,,0,0,,,,,,0,NA,0,NA,NA,,,NA
7/3/2002,,,,,0,0,,,,,,0,NA,0,NA,NA,,,NA
7/11/2002,,,,,0,3,,,,,,0,NA,65,NA,NA,,,NA
7/18/2002,,,,,4,22,,,,,,10,NA,20,NA,NA,,,NA
7/25/2002,,,,,2,15,,,,,,3,NA,12,NA,NA,,,NA
8/1/2002,,,,,14,7,,,,,,21,NA,1,NA,NA,,,NA
8/8/2002,,,,,34,0,,,,,,24,NA,0,NA,NA,,,NA
8/15/2002,,,,,52,1,,,,,,25,NA,0,NA,NA,,,NA
8/22/2002,,,,,5,0,,,,,,3,NA,1,NA,NA,,,NA
8/29/2002,,,,,1,3,,,,,,3,NA,5,NA,NA,,,NA
9/5/2002,,,,,15,6,,,,,,4,NA,2,NA,NA,,,NA
9/12/2002,,,,,58,5,,,,,,32,NA,1,NA,NA,,,NA
9/19/2002,,,,,NA,4,,,,,,NA,NA,10,NA,NA,,,NA
9/26/2002,,,,,NA,26,,,,,,NA,NA,23,NA,NA,,,NA
10/3/2002,,,,,NA,1,,,,,,NA,NA,1,NA,NA,,,NA
10/10/2002,,,,,NA,4,,,,,,NA,NA,0,NA,NA,,,NA
10/17/2002,,,,,NA,1,,,,,,NA,NA,4,NA,NA,,,NA
4/10/2003,,,,,NA,2,,,,,,NA,NA,3,NA,NA,,,NA
4/17/2003,,,,,NA,4,,,,,,NA,NA,1,NA,NA,,,NA
4/24/2003,,,,,NA,1,,,,,,NA,NA,0,NA,NA,,,NA
5/1/2003,,,,,NA,8,,,,,,NA,NA,1,NA,NA,,,NA
5/8/2003,,,,,NA,NA,,,,,,NA,NA,NA,NA,NA,,,NA
5/15/2003,,,,,NA,NA,,,,,,NA,NA,NA,NA,NA,,,NA
5/22/2003,,,,,NA,NA,,,,,,NA,NA,NA,NA,NA,,,NA
5/29/2003,,,,,0,NA,,,,,,0,NA,NA,NA,NA,,,NA
6/5/2003,,,,,0,NA,,,,,,0,NA,NA,NA,NA,,,NA
6/12/2003,,,,,7,NA,,,,,,39,NA,NA,NA,NA,,,NA
6/19/2003,,,,,68,NA,,,,,,51,NA,NA,NA,NA,,,NA
6/26/2003,,,,,20,NA,,,,,,7,NA,NA,NA,NA,,,NA
7/3/2003,,,,,6,NA,,,,,,3,NA,NA,NA,NA,,,NA
7/10/2003,,,,,0,0,,,,,,0,NA,0,NA,NA,,,NA
7/17/2003,,,,,1,39,,,,,,0,NA,22,NA,NA,,,NA
7/24/2003,,,,,0,59,,,,,,0,NA,35,NA,NA,,,NA
7/31/2003,,,,,15,37,,,,,,16,NA,10,NA,NA,,,NA
8/7/2003,,,,,16,24,,,,,,7,NA,0,NA,NA,,,NA
8/14/2003,,,,,7,20,,,,,,4,NA,2,NA,NA,,,NA
8/21/2003,,,,,3,2,,,,,,24,NA,0,NA,NA,,,NA
8/28/2003,,,,,44,1,,,,,,38,NA,0,NA,NA,,,NA
9/4/2003,,,,,6,2,,,,,,3,NA,0,NA,NA,,,NA
9/11/2003,,,,,2,17,,,,,,1,NA,1,NA,NA,,,NA
9/18/2003,,,,,5,10,,,,,,3,NA,2,NA,NA,,,NA
9/25/2003,,,,,10,4,,,,,,8,NA,2,NA,NA,,,NA
10/2/2003,,,,,4,1,,,,,,4,NA,0,NA,NA,,,NA
10/9/2003,,,,,6,4,,,,,,4,NA,0,NA,NA,,,NA
10/16/2003,,,,,3,8,,,,,,4,NA,0,NA,NA,,,NA
10/23/2003,,,,,NA,3,,,,,,NA,NA,0,NA,NA,,,NA
10/30/2003,,,,,NA,1,,,,,,NA,NA,1,NA,NA,,,NA
4/1/2004,,,,,NA,0,,,,,,NA,NA,0,NA,NA,,,NA
4/8/2004,,,,,NA,NA,,,,,,NA,NA,NA,NA,NA,,,NA
4/15/2004,,,,,NA,NA,,,,,,NA,NA,NA,NA,NA,,,NA
4/22/2004,,,,,NA,NA,,,,,,NA,NA,NA,NA,NA,,,NA
4/29/2004,,,,,NA,NA,,,,,,NA,NA,NA,NA,NA,,,NA
5/6/2004,,,,,NA,NA,,,,,,NA,NA,NA,NA,NA,,,NA
5/13/2004,,,,,NA,NA,,,,,,NA,NA,NA,NA,NA,,,NA
5/20/2004,,,,,0,NA,,,,,,2,NA,NA,NA,NA,,,NA
5/27/2004,,,,,60,NA,,,,,,63,NA,NA,NA,NA,,,NA
6/3/2004,,,,,37,NA,,,,,,27,NA,NA,NA,NA,,,NA
6/10/2004,,,,,24,NA,,,,,,16,NA,NA,NA,NA,,,NA
6/17/2004,,,,,16,NA,,,,,,0,NA,NA,NA,NA,,,NA
6/24/2004,,,,,11,NA,,,,,,1,NA,NA,NA,NA,,,NA
7/1/2004,,,,,1,NA,,,,,,0,NA,NA,NA,NA,,,NA
7/8/2004,,,,,0,0,,,,,,0,NA,0,NA,NA,,,NA
7/15/2004,,,,,1,0,,,,,,0,NA,0,NA,NA,,,NA
7/22/2004,,,,,6,9,,,,,,5,NA,13,NA,NA,,,NA
7/29/2004,,,,,0,40,,,,,,15,NA,40,NA,NA,,,NA
8/5/2004,,,,,4,14,,,,,,7,NA,7,NA,NA,,,NA
8/12/2004,,,,,2,2,,,,,,3,NA,1,NA,NA,,,NA
8/19/2004,,,,,0,0,,,,,,4,NA,0,NA,NA,,,NA
8/26/2004,,,,,4,0,,,,,,1,NA,0,NA,NA,,,NA
9/2/2004,,,,,3,3,,,,,,3,NA,0,NA,NA,,,NA
9/9/2004,,,,,0,10,,,,,,0,NA,5,NA,NA,,,NA
9/16/2004,,,,,0,21,,,,,,2,NA,5,NA,NA,,,NA
9/23/2004,,,,,NA,13,,,,,,NA,NA,4,NA,NA,,,NA
9/30/2004,,,,,NA,4,,,,,,NA,NA,6,NA,NA,,,NA
10/7/2004,,,,,NA,7,,,,,,NA,NA,3,NA,NA,,,NA
10/14/2004,,,,,NA,2,,,,,,NA,NA,0,NA,NA,,,NA
10/21/2004,,,,,NA,7,,,,,,NA,NA,1,NA,NA,,,NA
3/31/2005,,,,,NA,30,,,,,,NA,NA,NA,NA,NA,,,NA
4/7/2005,,,,,NA,28,,,,,,NA,NA,NA,NA,NA,,,NA
4/14/2005,,,,,NA,26,,,,,,NA,NA,NA,NA,NA,,,NA
4/21/2005,,,,,NA,NA,,,,,,NA,NA,NA,NA,NA,,,NA
4/28/2005,,,,,NA,NA,,,,,,NA,NA,NA,NA,NA,,,NA
5/5/2005,,,,,NA,NA,,,,,,NA,NA,NA,NA,NA,,,NA
5/12/2005,,,,,NA,NA,,,,,,NA,NA,NA,NA,NA,,,NA
5/19/2005,,,,,NA,NA,,,,,,NA,NA,NA,NA,NA,,,NA
5/26/2005,,,,,0,NA,,,,,,0,NA,NA,NA,NA,,,NA
6/2/2005,,,,,0,NA,,,,,,0,NA,NA,NA,NA,,,NA
6/9/2005,,,,,15,NA,,,,,,69,NA,NA,NA,NA,,,NA
6/16/2005,,,,,26,NA,,,,,,22,NA,NA,NA,NA,,,NA
6/23/2005,,,,,37,NA,,,,,,21,NA,NA,NA,NA,,,NA
6/30/2005,,,,,3,NA,,,,,,2,NA,NA,NA,NA,,,NA
7/7/2005,,,,,0,0,,,,,,0,0,NA,NA,0,,,NA
7/14/2005,,,,,0,59,,,,,,0,0,NA,NA,1,,,NA
7/21/2005,,,,,3,20,,,,,,0,4,NA,NA,0,,,NA
7/28/2005,,,,,39,5,,,,,,7,3,NA,NA,2,,,NA
8/4/2005,,,,,32,59,,,,,,10,1,NA,NA,2,,,NA
8/11/2005,,,,,3,2,,,,,,9,0,NA,NA,0,,,NA
8/18/2005,,,,,4,0,,,,,,1,0,NA,NA,0,,,NA
8/25/2005,,,,,6,0,,,,,,1,0,NA,NA,0,,,NA
9/1/2005,,,,,0,0,,,,,,1,0,NA,NA,0,,,NA
9/8/2005,,,,,30,0,,,,,,1,0,NA,NA,0,,,NA
9/15/2005,,,,,45,23,,,,,,3,0,NA,NA,0,,,NA
9/22/2005,,,,,43,41,,,,,,1,1,NA,NA,2,,,NA
9/29/2005,,,,,26,11,,,,,,2,0,NA,NA,0,,,NA
10/6/2005,,,,,NA,4,,,,,,NA,0,NA,NA,1,,,NA
10/13/2005,,,,,NA,0,,,,,,NA,0,NA,NA,0,,,NA
10/20/2005,,,,,NA,3,,,,,,NA,0,NA,NA,0,,,NA
3/30/2006,,,,,NA,1,,,,,,NA,0,NA,NA,0,,,NA
4/6/2006,,,,,NA,0,,,,,,NA,0,NA,NA,1,,,NA
4/13/2006,,,,,NA,3,,,,,,NA,0,NA,NA,0,,,NA
4/20/2006,,,,,NA,1,,,,,,NA,NA,NA,NA,NA,,,NA
4/27/2006,,,,,NA,NA,,,,,,NA,NA,NA,NA,NA,,,NA
5/4/2006,,,,,NA,NA,,,,,,NA,NA,NA,NA,NA,,,NA
5/11/2006,,,,,NA,NA,,,,,,NA,NA,NA,NA,NA,,,NA
5/18/2006,,,,,NA,NA,,,,,,NA,NA,NA,NA,NA,,,NA
5/25/2006,,,,,0,NA,,,,,,0,NA,NA,NA,NA,,,NA
6/1/2006,,,,,56,NA,,,,,,21,NA,NA,NA,NA,,,NA
6/8/2006,,,,,35,NA,,,,,,37,NA,NA,NA,NA,,,NA
6/15/2006,,,,,18,NA,,,,,,7,NA,NA,NA,NA,,,NA
6/22/2006,,,,,62,NA,,,,,,4,NA,NA,NA,NA,,,NA
6/29/2006,,,,,10,NA,,,,,,0,NA,NA,NA,NA,,,NA
7/6/2006,,,,,1,NA,,,,,,1,NA,NA,NA,NA,,,NA
7/13/2006,,,,,0,NA,,,,,,0,NA,NA,NA,NA,,,NA
7/20/2006,,,,,0,NA,,,,,,1,NA,NA,NA,NA,,,NA
7/27/2006,,,,,1,NA,,,,,,0,NA,NA,NA,NA,,,NA
8/3/2006,,,,,13,8,,,,,,5,5,NA,NA,NA,,,NA
8/10/2006,,,,,19,30,,,,,,1,8,NA,NA,NA,,,NA
8/17/2006,,,,,10,12,,,,,,4,3,NA,NA,NA,,,NA
8/24/2006,,,,,6,2,,,,,,1,0,NA,NA,NA,,,NA
8/31/2006,,,,,3,2,,,,,,1,0,NA,NA,NA,,,NA
9/7/2006,,,,,0,0,,,,,,0,0,NA,NA,NA,,,NA
9/14/2006,,,,,1,0,,,,,,1,0,NA,NA,NA,,,NA
9/21/2006,,,,,1,0,,,,,,1,0,NA,NA,NA,,,NA
9/28/2006,,,,,4,4,,,,,,1,0,NA,NA,NA,,,NA
10/5/2006,,,,,0,3,,,,,,0,1,NA,NA,NA,,,NA
10/12/2006,,,,,NA,21,,,,,,NA,2,NA,NA,NA,,,NA
10/19/2006,,,,,NA,3,,,,,,NA,0,NA,NA,NA,,,NA
10/26/2006,,,,,NA,9,,,,,,NA,4,NA,NA,NA,,,NA
11/2/2006,,,,,NA,5,,,,,,NA,0,NA,NA,NA,,,NA
3/22/2007,,,,,NA,1,,,,,,NA,0,NA,NA,NA,,,NA
3/29/2007,,,,,NA,0,,,,,,NA,1,NA,NA,NA,,,NA
4/5/2007,,,,,NA,0,,,,,,NA,0,NA,NA,NA,,,NA
4/12/2007,,,,,NA,NA,,,,,,NA,NA,NA,NA,NA,,,NA
4/19/2007,,,,,NA,NA,,,,,,NA,NA,NA,NA,NA,,,NA
4/26/2007,,,,,NA,NA,,,,,,NA,NA,NA,NA,NA,,,NA
5/3/2007,,,,,NA,NA,,,,,,NA,NA,NA,NA,NA,,,NA
5/10/2007,,,,,NA,NA,,,,,,NA,NA,NA,NA,NA,,,NA
5/17/2007,,,,,NA,NA,,,,,,NA,NA,NA,NA,NA,,,NA
5/24/2007,,,,,NA,NA,,,,,,NA,NA,NA,NA,NA,,,NA
5/31/2007,,,,,17,NA,,,,,,31,NA,NA,NA,NA,,,NA
6/7/2007,,,,,24,NA,,,,,,13,NA,NA,NA,NA,,,NA
6/14/2007,,,,,9,NA,,,,,,1,NA,NA,NA,NA,,,NA
6/21/2007,,,,,4,NA,,,,,,2,NA,NA,NA,NA,,,NA
6/28/2007,,,,,1,NA,,,,,,0,NA,NA,NA,NA,,,NA
7/5/2007,,,,,0,NA,,,,,,0,NA,NA,NA,NA,,,NA
7/12/2007,,,,,0,NA,,,,,,0,NA,NA,NA,NA,,,NA
7/19/2007,,,,,0,NA,,,,,,0,NA,NA,NA,NA,,,NA
7/26/2007,,,,,2,0,,,,,,2,0,0,NA,NA,,,NA
8/2/2007,,,,,2,5,,,,,,2,6,35,NA,NA,,,NA
8/9/2007,,,,,12,28,,,,,,5,9,23,NA,NA,,,NA
8/16/2007,,,,,6,6,,,,,,4,0,2,NA,NA,,,NA
8/23/2007,,,,,1,2,,,,,,12,0,2,NA,NA,,,NA
8/30/2007,,,,,3,2,,,,,,4,0,0,NA,NA,,,NA
9/6/2007,,,,,5,0,,,,,,0,0,0,NA,NA,,,NA
9/13/2007,,,,,1,0,,,,,,1,0,2,NA,NA,,,NA
9/20/2007,,,,,1,0,,,,,,0,2,13,NA,NA,,,NA
9/27/2007,,,,,NA,5,,,,,,NA,7,25,NA,NA,,,NA
10/4/2007,,,,,NA,8,,,,,,NA,7,5,NA,NA,,,NA
10/11/2007,,,,,NA,0,,,,,,NA,2,4,NA,NA,,,NA
10/18/2007,,,,,NA,0,,,,,,NA,1,7,NA,NA,,,NA
10/25/2007,,,,,NA,5,,,,,,NA,1,7,NA,NA,,,NA
3/27/2008,,,,,NA,3,,,,,,NA,0,1,NA,NA,,,NA
3/31/2008,,,,,NA,2,,,,,,NA,0,4,NA,NA,,,NA
4/3/2008,,,,,NA,0,,,,,,NA,0,3,NA,NA,,,NA
4/10/2008,,,,,NA,0,,,,,,NA,0,0,NA,NA,,,NA
4/17/2008,,,,,NA,NA,,,,,,NA,NA,NA,NA,NA,,,NA
4/24/2008,,,,,NA,NA,,,,,,NA,NA,NA,NA,NA,,,NA
5/1/2008,,,,,NA,NA,,,,,,NA,NA,NA,NA,NA,,,NA
5/8/2008,,,,,NA,NA,,,,,,NA,NA,NA,NA,NA,,,NA
5/15/2008,,,,,NA,NA,,,,,,NA,NA,NA,NA,NA,,,NA
5/22/2008,,,,,NA,NA,,,,,,NA,NA,NA,NA,NA,,,NA
5/29/2008,,,,,0,NA,,,,,,NA,NA,NA,NA,NA,,,NA
6/5/2008,,,,,6,NA,,,,,,NA,NA,NA,NA,NA,,,NA
6/12/2008,,,,,41,NA,,,,,,NA,NA,NA,NA,NA,,,NA
6/19/2008,,,,,10,NA,,,,,,NA,NA,NA,NA,NA,,,NA
6/26/2008,,,,,3,0,,,,,,NA,0,0,NA,NA,,,NA
7/3/2008,,,,,1,0,,,,,,NA,1,7,NA,NA,,,NA
7/10/2008,,,,,0,2,,,,,,NA,5,5,NA,NA,,,NA
7/17/2008,,,,,0,6,,,,,,NA,1,1,NA,NA,,,NA
7/24/2008,,,,,0,1,,,,,,NA,0,2,NA,NA,,,NA
7/31/2008,,,,,3,2,,,,,,NA,0,1,NA,NA,,,NA
8/7/2008,,,,,10,0,,,,,,NA,0,0,NA,NA,,,NA
8/14/2008,,,,,4,0,,,,,,NA,0,0,NA,NA,,,NA
8/21/2008,,,,,8,0,,,,,,NA,1,0,NA,NA,,,NA
8/28/2008,,,,,12,0,,,,,,NA,0,3,NA,NA,,,NA
9/4/2008,,,,,5,5,,,,,,NA,3,2,NA,NA,,,NA
9/11/2008,,,,,1,7,,,,,,NA,1,6,NA,NA,,,NA
9/18/2008,,,,,1,1,,,,,,NA,0,0,NA,NA,,,NA
9/25/2008,,,,,0,2,,,,,,NA,0,0,NA,NA,,,NA
10/2/2008,,,,,NA,0,,,,,,NA,0,0,NA,NA,,,NA
10/9/2008,,,,,NA,2,,,,,,NA,0,1,NA,NA,,,NA
4/2/2009,,,,,NA,1,,,,,,NA,1,1,NA,NA,,,NA
4/9/2009,,,,,NA,NA,,,,,,NA,NA,NA,NA,NA,,,NA
4/16/2009,,,,,NA,NA,,,,,,NA,NA,NA,NA,NA,,,NA
4/23/2009,,,,,NA,NA,,,,,,NA,NA,NA,NA,NA,,,NA
4/30/2009,,,,,NA,NA,,,,,,NA,NA,NA,NA,NA,,,NA
5/7/2009,,,,,NA,NA,,,,,,NA,NA,NA,NA,NA,,,NA
5/14/2009,,,,,NA,NA,,,,,,NA,NA,NA,NA,NA,,,NA
5/21/2009,,,,,NA,NA,,,,,,NA,NA,NA,NA,NA,,,NA
5/28/2009,,,,,0,NA,,,,,,NA,NA,NA,NA,NA,,,NA
6/4/2009,,,,,0,NA,,,,,,NA,NA,NA,NA,NA,,,NA
6/11/2009,,,,,0,NA,,,,,,NA,NA,NA,NA,NA,,,NA
6/18/2009,,,,,4,NA,,,,,,NA,NA,NA,NA,NA,,,NA
6/25/2009,,,,,0,NA,,,,,,NA,NA,NA,NA,NA,,,NA
7/2/2009,,,,,0,0,,,,,,NA,0,NA,0,NA,,,NA
7/9/2009,,,,,0,0,,,,,,NA,0,NA,0,NA,,,NA
7/16/2009,,,,,0,2,,,,,,NA,18,NA,1,NA,,,NA
7/23/2009,,,,,0,8,,,,,,NA,9,NA,4,NA,,,NA
7/30/2009,,,,,3,1,,,,,,NA,0,NA,1,NA,,,NA
8/6/2009,,,,,3,1,,,,,,NA,0,NA,0,NA,,,NA
8/13/2009,,,,,7,0,,,,,,NA,0,NA,0,NA,,,NA
8/20/2009,,,,,2,0,,,,,,NA,0,NA,0,NA,,,NA
8/27/2009,,,,,0,1,,,,,,NA,1,NA,0,NA,,,NA
9/3/2009,,,,,0,3,,,,,,NA,2,NA,2,NA,,,NA
9/10/2009,,,,,0,1,,,,,,NA,5,NA,3,NA,,,NA
9/17/2009,,,,,1,8,,,,,,NA,5,NA,4,NA,,,NA
9/24/2009,,,,,NA,1,,,,,,NA,1,NA,1,NA,,,NA
10/1/2009,,,,,NA,0,,,,,,NA,1,NA,1,NA,,,NA
10/8/2009,,,,,NA,0,,,,,,NA,0,NA,0,NA,,,NA
10/15/2009,,,,,NA,0,,,,,,NA,0,NA,0,NA,,,NA
10/22/2009,,,,,NA,0,,,,,,NA,1,NA,4,NA,,,NA
3/25/2010,,,,,NA,2,,,,,,NA,0,NA,2,NA,,,NA
4/1/2010,,,,,NA,0,,,,,,NA,0,NA,1,NA,,,NA
4/8/2010,,,,,NA,1,,,,,,NA,3,NA,4,NA,,,NA
4/15/2010,,,,,NA,0,,,,,,NA,0,NA,0,NA,,,NA
4/22/2010,,,,,NA,0,,,,,,NA,0,NA,0,NA,,,NA
4/29/2010,,,,,NA,NA,,,,,,NA,NA,NA,NA,NA,,,NA
5/6/2010,,,,,NA,NA,,,,,,NA,NA,NA,NA,NA,,,NA
5/13/2010,,,,,0,NA,,,,,,NA,NA,NA,NA,NA,,,NA
5/20/2010,,,,,0,NA,,,,,,NA,NA,NA,NA,NA,,,NA
5/27/2010,,,,,0,NA,,,,,,NA,NA,NA,NA,NA,,,NA
6/3/2010,,,,,10,NA,,,,,,NA,NA,NA,NA,NA,,,NA
6/10/2010,,,,,0,NA,,,,,,NA,NA,NA,NA,NA,,,NA
6/17/2010,,,,,4,NA,,,,,,NA,NA,NA,NA,NA,,,NA
6/24/2010,,,,,0,NA,,,,,,NA,NA,NA,NA,NA,,,NA
7/1/2010,,,,,0,NA,,,,,,NA,NA,NA,NA,NA,,,NA
7/8/2010,,,,,0,0,,,,,,NA,0,NA,0,NA,,,NA
7/15/2010,,,,,2,14,,,,,,NA,0,NA,5,NA,,,NA
7/22/2010,,,,,0,20,,,,,,NA,1,NA,4,NA,,,NA
7/29/2010,,,,,10,0,,,,,,NA,1,NA,2,NA,,,NA
8/5/2010,,,,,1,0,,,,,,NA,0,NA,0,NA,,,NA
8/12/2010,,,,,1,0,,,,,,NA,0,NA,0,NA,,,NA
8/19/2010,,,,,1,0,,,,,,NA,0,NA,0,NA,,,NA
8/26/2010,,,,,0,0,,,,,,NA,0,NA,2,NA,,,NA
9/2/2010,,,,,0,0,,,,,,NA,2,NA,0,NA,,,NA
9/9/2010,,,,,2,0,,,,,,NA,0,NA,3,NA,,,NA
9/16/2010,,,,,1,1,,,,,,NA,0,NA,2,NA,,,NA
9/23/2010,,,,,2,0,,,,,,NA,3,NA,3,NA,,,NA
9/30/2010,,,,,1,0,,,,,,NA,0,NA,0,NA,,,NA
10/7/2010,,,,,0,0,,,,,,NA,0,NA,0,NA,,,NA
10/14/2010,,,,,NA,1,,,,,,NA,0,NA,0,NA,,,NA
10/21/2010,,,,,NA,1,,,,,,NA,0,NA,0,NA,,,NA
3/31/2011,,,,,NA,0,,,,,,NA,0,NA,0,NA,,,NA
4/7/2011,,,,,NA,1,,,,,,NA,4,NA,1,NA,,,NA
4/14/2011,,,,,NA,NA,,,,,,NA,NA,NA,NA,NA,,,NA
4/21/2011,,,,,NA,NA,,,,,,NA,NA,NA,NA,NA,,,NA
4/28/2011,,,,,NA,NA,,,,,,NA,NA,NA,NA,NA,,,NA
5/5/2011,,,,,NA,NA,,,,,,NA,NA,NA,NA,NA,,,NA
5/12/2011,,,,,NA,NA,,,,,,NA,NA,NA,NA,NA,,,NA
5/19/2011,,,,,NA,NA,,,,,,NA,NA,NA,NA,NA,,,NA
5/26/2011,,,,,0,NA,,,,,,NA,NA,NA,NA,NA,,,NA
6/2/2011,,,,,15,NA,,,,,,NA,NA,NA,NA,NA,,,NA
6/9/2011,,,,,14,NA,,,,,,NA,NA,NA,NA,NA,,,NA
6/16/2011,,,,,3,NA,,,,,,NA,NA,NA,NA,NA,,,NA
6/23/2011,,,,,0,NA,,,,,,NA,NA,NA,NA,NA,,,NA
6/30/2011,,,,,0,NA,,,,,,NA,NA,NA,NA,NA,,,NA
7/7/2011,,,,,0,NA,,,,,,NA,NA,NA,NA,NA,,,NA
7/14/2011,,,,,2,0,,,,,,NA,0,0,NA,NA,,,NA
7/21/2011,,,,,3,0,,,,,,NA,0,0,NA,NA,,,NA
7/28/2011,,,,,5,2,,,,,,NA,3,12,NA,NA,,,NA
8/4/2011,,,,,0,3,,,,,,NA,0,17,NA,NA,,,NA
8/11/2011,,,,,0,0,,,,,,NA,3,3,NA,NA,,,NA
8/18/2011,,,,,1,2,,,,,,NA,0,1,NA,NA,,,NA
8/25/2011,,,,,0,0,,,,,,NA,0,1,NA,NA,,,NA
9/1/2011,,,,,1,0,,,,,,NA,0,0,NA,NA,,,NA
9/8/2011,,,,,1,0,,,,,,NA,0,12,NA,NA,,,NA
9/15/2011,,,,,1,1,,,,,,NA,0,9,NA,NA,,,NA
9/22/2011,,,,,0,5,,,,,,NA,0,5,NA,NA,,,NA
9/29/2011,,,,,NA,0,,,,,,NA,0,6,NA,NA,,,NA
10/6/2011,,,,,NA,1,,,,,,NA,0,1,NA,NA,,,NA
10/13/2011,,,,,NA,0,,,,,,NA,0,1,NA,NA,,,NA
10/20/2011,,,,,NA,1,,,,,,NA,0,1,NA,NA,,,NA
10/27/2011,,,,,NA,0,,,,,,NA,0,0,NA,NA,,,NA
3/15/2012,,,,,NA,NA,,,,,,NA,0,NA,NA,NA,,,NA
3/22/2012,,,,,NA,0,,,,,,NA,NA,NA,NA,NA,,,NA
3/29/2012,,,,,NA,NA,,,,,,NA,0,NA,NA,NA,,,NA
4/5/2012,,,,,NA,NA,,,,,,NA,NA,NA,NA,NA,,,NA
4/12/2012,,,,,NA,NA,,,,,,NA,NA,NA,NA,NA,,,NA
4/19/2012,,,,,NA,NA,,,,,,NA,NA,NA,NA,NA,,,NA
4/26/2012,,,,,NA,NA,,,,,,NA,NA,NA,NA,NA,,,NA
5/3/2012,,,,,NA,NA,,,,,,NA,NA,NA,NA,NA,,,NA
5/10/2012,,,,,0,NA,,,,,,NA,NA,NA,NA,NA,,,NA
5/17/2012,,,,,0,NA,,,,,,NA,NA,NA,NA,NA,,,NA
5/24/2012,,,,,0,NA,,,,,,NA,NA,NA,NA,NA,,,NA
5/31/2012,,,,,5,NA,,,,,,NA,NA,NA,NA,NA,,,NA
6/7/2012,,,,,1,NA,,,,,,NA,NA,NA,NA,NA,,,NA
6/14/2012,,,,,2,0,,,,,,NA,0,0,NA,NA,,,NA
6/21/2012,,,,,0,0,,,,,,NA,0,0,NA,NA,,,NA
6/28/2012,,,,,0,2,,,,,,NA,1,2,NA,NA,,,NA
7/5/2012,,,,,0,21,,,,,,NA,7,15,NA,NA,,,NA
7/12/2012,,,,,3,12,,,,,,NA,0,6,NA,NA,,,NA
7/19/2012,,,,,6,8,,,,,,NA,2,4,NA,NA,,,NA
7/26/2012,,,,,1,3,,,,,,NA,0,0,NA,NA,,,NA
8/2/2012,,,,,1,0,,,,,,NA,0,0,NA,NA,,,NA
8/9/2012,,,,,0,0,,,,,,NA,0,0,NA,NA,,,NA
8/16/2012,,,,,0,1,,,,,,NA,1,3,NA,NA,,,NA
8/23/2012,,,,,0,0,,,,,,NA,0,11,NA,NA,,,NA
8/30/2012,,,,,0,0,,,,,,NA,0,6,NA,NA,,,NA
9/6/2012,,,,,NA,1,,,,,,NA,1,12,NA,NA,,,NA
9/13/2012,,,,,NA,1,,,,,,NA,0,5,NA,NA,,,NA
9/20/2012,,,,,NA,4,,,,,,NA,0,4,NA,NA,,,NA
9/27/2012,,,,,NA,1,,,,,,NA,0,5,NA,NA,,,NA
10/4/2012,,,,,NA,2,,,,,,NA,0,1,NA,NA,,,NA
10/11/2012,,,,,NA,0,,,,,,NA,1,2,NA,NA,,,NA
4/4/2013,,,,,NA,0,,,,,,NA,0,0,NA,NA,,,NA
4/11/2013,,,,,NA,NA,,,,,,NA,NA,NA,NA,NA,,,NA
4/18/2013,,,,,NA,NA,,,,,,NA,NA,NA,NA,NA,,,NA
4/25/2013,,,,,NA,NA,,,,,,NA,NA,NA,NA,NA,,,NA
5/2/2013,,,,,NA,NA,,,,,,NA,NA,NA,NA,NA,,,NA
5/9/2013,,,,,NA,,,,,,,NA,,,,,,,NA
5/16/2013,,,,,0,,,,,,,NA,,,,,,,NA
5/23/2013,,,,,0,,,,,,,NA,,,,,,,NA
5/30/2013,,,,,1,,,,,,,NA,,,,,,,NA
6/6/2013,,,,,18,,,,,,,NA,,,,,,,NA
6/13/2013,,,,,14,,,,,,,NA,,,,,,,NA
6/20/2013,,,,,3,,,,,,,NA,,,,,,,NA
6/27/2013,,,,,1,,,,,,,NA,,,,,,,NA
7/3/2013,,,,,0,,,,,,,NA,,,,,,,NA
7/11/2013,,,,,0,,,,,,,NA,,,,,,,NA
7/18/2013,,,,,0,,,,,,,NA,,,,,,,NA
7/25/2013,,,,,3,,,,,,,NA,,,,,,,NA
8/1/2013,,,,,0,,,,,,,NA,,,,,,,NA
8/8/2013,,,,,3,,,,,,,NA,,,,,,,NA
8/15/2013,,,,,1,,,,,,,NA,,,,,,,NA
8/22/2013,,,,,3,,,,,,,NA,,,,,,,NA
8/29/2013,,,,,3,,,,,,,NA,,,,,,,NA
9/5/2013,,,,,0,,,,,,,NA,,,,,,,NA
9/12/2013,,,,,0,,,,,,,NA,,,,,,,NA
9/19/2013,,,,,0,,,,,,,NA,,,,,,,NA
9/26/2013,,,,,NA,,,,,,,NA,,,,,,,NA
10/3/2013,,,,,NA,,,,,,,NA,,,,,,,NA
10/10/2013,,,,,NA,,,,,,,NA,,,,,,,NA
10/17/2013,,,,,NA,,,,,,,NA,,,,,,,NA
4/3/2014,,,,,,,,,,,,,,,,,,,
4/10/2014,,,,,,,,,,,,,,,,,,,
4/17/2014,,,,,,,,,,,,,,,,,,,
4/24/2014,,,,,,,,,,,,,,,,,,,
5/1/2014,,,,,,,,,,,,,,,,,,,
5/8/2014,,,,,,,,,,,,,,,,,,,
5/15/2014,,,,,,,,,,,,,,,,,,,
5/22/2014,,,,,0,0,,,,,,,0,0,,,,,
5/29/2014,,,,,0,0,,,,,,,1,0,,,,,
6/5/2014,,,,,2,1,,,,,,,1,5,,,,,
6/12/2014,,,,,15,6,,,,,,,2,9,,,,,
6/19/2014,,,,,13,9,,,,,,,7,10,,,,,
6/26/2014,,,,,8,10,,,,,,,0,5,,,,,
7/3/2014,,,,,2,0,,,,,,,0,0,,,,,
7/10/2014,,,,,1,0,,,,,,,0,0,,,,,
7/17/2014,,,,,0,0,,,,,,,0,0,,,,,
7/24/2014,,,,,1,1,,,,,,,1,8,,,,,
7/31/2014,,,,,2,5,,,,,,,1,6,,,,,
8/7/2014,,,,,1,1,,,,,,,1,2,,,,,
8/14/2014,,,,,6,13,,,,,,,0,1,,,,,
8/21/2014,,,,,0,6,,,,,,,0,0,,,,,
8/28/2014,,,,,2,1,,,,,,,0,0,,,,,
9/4/2014,,,,,,,,,,,,,,,,,,,
9/11/2014,,,,,,,,,,,,,,,,,,,
9/18/2014,,,,,,,,,,,,,,,,,,,
9/25/2014,,,,,,,,,,,,,,,,,,,
10/2/2014,,,,,,,,,,,,,,,,,,,
4/2/2015,,,,,,,,,,,,,,,,,,,
4/9/2015,,,,,,,,,,,,,,,,,,,
4/16/2015,,,,,,,,,,,,,,,,,,,
4/23/2015,,,,,,,,,,,,,,,,,,,
4/30/2015,,,,,,,,,,,,,,,,,,,
5/7/2015,,,,,,,,,,,,,,,,,,,
5/14/2015,,,,,0,0,,,,,,,0,0,,,,,
5/21/2015,,,,,0,0,,,,,,,0,1,,,,,
5/28/2015,,,,,2,1,,,,,,,5,2,,,,,
6/4/2015,,,,,13,4,,,,,,,4,10,,,,,
6/11/2015,,,,,8,5,,,,,,,4,5,,,,,
6/18/2015,,,,,3,2,,,,,,,0,3,,,,,
6/25/2015,,,,,2,0,,,,,,,0,0,,,,,
7/2/2015,,,,,0,1,,,,,,,0,0,,,,,
7/9/2015,,,,,0,0,,,,,,,0,0,,,,,
7/16/2015,,,,,2,0,,,,,,,0,0,,,,,
7/23/2015,,,,,3,4,,,,,,,1,1,,,,,
7/30/2015,,,,,1,1,,,,,,,1,3,,,,,
8/6/2015,,,,,1,1,,,,,,,0,1,,,,,
8/13/2015,,,,,2,0,,,,,,,1,1,,,,,
8/20/2015,,,,,0,0,,,,,,,0,0,,,,,
8/27/2015,,,,,0,0,,,,,,,0,1,,,,,
9/3/2015,,,,,0,0,,,,,,,0,0,,,,,
9/10/2015,,,,,0,0,,,,,,,3,0,,,,,
9/17/2015,,,,,0,0,,,,,,,0,2,,,,,
9/24/2015,,,,,,,,,,,,,0,1,,,,,
10/1/2015,,,,,,,,,,,,,,,,,,,
10/8/2015,,,,,,,,,,,,,,,,,,,
3/24/2016,,,,,,,,,,,,,,,,,,,
3/31/2016,,,,,,,,,,,,,,,,,,,
4/7/2016,,,,,,,,,,,,,,,,,,,
4/14/2016,,,,,,,,,,,,,,,,,,,
4/21/2016,,,,,,,,,,,,,,,,,,,
4/28/2016,,,,,,,,,,,,,,,,,,,
5/5/2016,,,,,,,,,,,,,,,,,,,
5/12/2016,,,,,,,,,,,,,,,,,,,
5/19/2016,,,,,,,,,,,,,,,,,,,
5/26/2016,,,,,,,,,,,,,,,,,,,
6/2/2016,,,,,0,0,,,,,,,3,3,,,,,
6/12/2016,,,,,1,0,,,,,,,1,1,,,,,
6/16/2016,,,,,0,0,,,,,,,0,0,,,,,
6/23/2016,,,,,0,1,,,,,,,0,0,,,,,
6/30/2016,,,,,0,0,,,,,,,0,0,,,,,
7/7/2016,,,,,0,0,,,,,,,0,0,,,,,
7/14/2016,,,,,0,0,,,,,,,0,0,,,,,
7/21/2016,,,,,0,1,,,,,,,0,3,,,,,
7/28/2016,,,,,0,0,,,,,,,1,1,,,,,
8/4/2016,,,,,1,0,,,,,,,0,0,,,,,
8/11/2016,,,,,0,0,,,,,,,1,0,,,,,
8/18/2016,,,,,0,0,,,,,,,0,0,,,,,
8/25/2016,,,,,0,0,,,,,,,1,0,,,,,
9/1/2016,,,,,0,0,,,,,,,0,1,,,,,
9/8/2016,,,,,0,2,,,,,,,0,1,,,,,
9/14/2016,,,,,1,3,,,,,,,1,4,,,,,
9/22/2016,,,,,1,0,,,,,,,6,2,,,,,
9/29/2016,,,,,0,0,,,,,,,1,0,,,,,
10/6/2016,,,,,,,,,,,,,,,,,,,
