Date,CM.Block,Heck,Fred.1,Fred.2,Raff,Hall.Stand,Hall.Pydrin,Bill,Muss.1,Muss.2,Spur,SCM,Bvl.3
3/18/1981,0,NA,NA,,,NA,NA,,,,,,
3/19/1981,0,NA,NA,,,NA,NA,,,,,,
3/20/1981,0,NA,NA,,,NA,NA,,,,,,
3/21/1981,0,NA,NA,,,NA,NA,,,,,,
3/22/1981,0,NA,NA,,,NA,NA,,,,,,
3/23/1981,0,NA,NA,,,NA,NA,,,,,,
3/24/1981,0,NA,NA,,,NA,NA,,,,,,
3/25/1981,0,NA,NA,,,NA,NA,,,,,,
3/26/1981,0,NA,NA,,,NA,NA,,,,,,
3/27/1981,0,NA,NA,,,NA,NA,,,,,,
3/28/1981,0,NA,NA,,,NA,NA,,,,,,
3/29/1981,7,NA,NA,,,NA,NA,,,,,,
3/30/1981,14,NA,NA,,,NA,NA,,,,,,
4/6/1981,243,213,157,,,80,105,,,,,,
4/13/1981,57,98,29,,,37,26,,,,,,
4/20/1981,63,24,8,,,14,60,,,,,,
4/27/1981,67,13,4,,,21,9,,,,,,
5/4/1981,147,62,19,,,37,57,,,,,,
5/11/1981,26,61,7,,,16,18,,,,,,
5/13/1981,2,11,1,,,5,2,,,,,,
5/26/1981,0,0,0,,,0,2,,,,,,
6/1/1981,0,0,0,,,4,2,,,,,,
6/8/1981,3,0,0,,,0,0,,,,,,
6/15/1981,14,33,12,,,1,4,,,,,,
6/22/1981,9,25,12,,,20,30,,,,,,
6/29/1981,68,99,9,,,43,45,,,,,,
7/6/1981,7,12,5,,,19,23,,,,,,
7/13/1981,4,3,3,,,9,14,,,,,,
7/20/1981,0,0,0,,,1,3,,,,,,
7/27/1981,12,1,5,,,1,3,,,,,,
8/3/1981,19,16,4,,,0,0,,,,,,
8/10/1981,11,8,3,,,4,2,,,,,,
8/17/1981,7,23,2,,,2,2,,,,,,
8/24/1981,45,28,8,,,18,24,,,,,,
8/31/1981,22,6,7,,,18,36,,,,,,
9/8/1981,11,15,5,,,21,33,,,,,,
9/14/1981,4,15,7,,,10,10,,,,,,
9/21/1981,0,3,2,,,10,1,,,,,,
9/28/1981,0,0,1,,,0,2,,,,,,
10/8/1981,0,0,0,,,0,0,,,,,,
10/13/1981,0,0,0,,,0,0,,,,,,
3/23/1982,,,,,,,,,,,,,
3/25/1982,,,,,,,,,,,,,
3/27/1982,,,,,,,,,,,,,
3/29/1982,,,,,,,,,,,,,
3/31/1982,,,,,,,,,,,,,
4/1/1982,,,,,,,,,,,,,
4/2/1982,,,,,,,,,,,,,
4/3/1982,,,,,,,,1,,,,,
4/5/1982,,,,,,,,0,,,,,
4/12/1982,,,,,,,,0,,,,,
4/16/1982,26,45,2,6,,,,23,25,24,,,
4/23/1982,44,42,16,16,,,,48,48,54,,,
4/30/1982,101,95,25,23,,,,54,34,59,,,
5/7/1982,20,15,8,5,,,,12,11,13,,,
5/14/1982,17,46,5,5,,,,8,5,4,,,
5/21/1982,0,4,1,0,,,,0,0,0,,,
5/28/1982,0,0,0,0,,,,0,0,0,,,
6/4/1982,0,0,0,0,,,,0,0,0,,,
6/11/1982,0,0,0,0,,,,0,0,0,,,
6/18/1982,0,0,0,0,,,,9,4,2,,,
6/25/1982,40,48,13,6,,,,27,43,21,,,
7/2/1982,7,5,2,0,,,,7,0,7,,,
7/9/1982,3,2,2,2,,,,11,2,1,,,
7/16/1982,5,6,0,0,,,,13,1,1,,,
7/23/1982,1,1,0,1,,,,1,1,0,,,
7/30/1982,0,0,0,0,,,,0,0,0,,,
3/28/1983,0,,,,,,,,,,,,
3/29/1983,0,,,,,,,,,,,,
3/30/1983,0,,,,,,,,,,,,
3/31/1983,0,,,,,,,,,,,,
4/1/1983,0,,,,,,,,,,,,
4/2/1983,8,,,,,,,,,,,,
4/8/1983,85,,,,,,,,,,,,
4/15/1983,5,,4,,,,,,25,12,,,
4/22/1983,1,,1,,,,,,7,9,,,
4/29/1983,72,,5,,,,,,31,46,,,
5/6/1983,26,,8,,,,,,46,29,,,
5/13/1983,1,,5,,,,,,16,15,,,
5/20/1983,2,,0,,,,,,2,0,,,
5/27/1983,0,,0,,,,,,0,0,,,
6/3/1983,0,,0,,,,,,0,0,,,
6/10/1983,0,,0,,,,,,0,0,,,
6/17/1983,1,,1,,,,,,1,1,,,
6/24/1983,6,,2,,,,,,3,5,,,
7/1/1983,31,,7,,,,,,21,31,,,
7/8/1983,5,,2,,,,,,0,4,,,
7/15/1983,0,,1,,,,,,0,0,,,
7/22/1983,0,,1,,,,,,3,1,,,
7/29/1983,3,,0,,,,,,0,2,,,
8/5/1983,0,,0,,,,,,4,4,,,
8/12/1983,9,,1,,,,,,1,1,,,
8/19/1983,3,,3,,,,,,0,4,,,
8/26/1983,22,,16,,,,,,9,17,,,
9/2/1983,8,,1,,,,,,1,7,,,
9/9/1983,1,,1,,,,,,1,3,,,
9/16/1983,0,,0,,,,,,0,0,,,
9/23/1983,0,,0,,,,,,0,2,,,
9/30/1983,0,,0,,,,,,0,0,,,
3/30/1984,0,,NA,,NA,,,,,,,,
3/31/1984,0,,NA,,NA,,,,,,,,
4/2/1984,0,,NA,,NA,,,,,,,,
4/3/1984,3,,NA,,NA,,,,,,,,
4/6/1984,1,,NA,,NA,,,,,,,,
4/13/1984,35,,17,,6,,,,,,,,
4/20/1984,6,,5,,2,,,,,,,,
4/27/1984,12,,2,,0,,,,,,,,
5/4/1984,14,,4,,1,,,,,,,,
5/11/1984,0,,0,,0,,,,,,,,
5/18/1984,1,,1,,1,,,,,,,,
5/25/1984,0,,0,,1,,,,,,,,
6/1/1984,0,,0,,0,,,,,,,,
6/8/1984,0,,0,,0,,,,,,,,
6/15/1984,0,,0,,0,,,,,,,,
6/22/1984,0,,0,,0,,,,,,,,
6/29/1984,0,,0,,0,,,,,,,,
7/6/1984,0,,0,,4,,,,,,,,
7/13/1984,0,,0,,0,,,,,,,,
7/20/1984,2,,0,,0,,,,,,,,
7/27/1984,0,,0,,0,,,,,,,,
8/3/1984,2,,0,,0,,,,,,,,
8/10/1984,2,,1,,0,,,,,,,,
8/17/1984,2,,0,,0,,,,,,,,
8/24/1984,20,,12,,13,,,,,,,,
9/1/1984,0,,2,,0,,,,,,,,
9/7/1984,0,,5,,8,,,,,,,,
9/14/1984,2,,1,,7,,,,,,,,
10/2/1984,0,,7,,7,,,,,,,,
3/29/1985,192,,,,,,,,,,,,
4/5/1985,1,,84,,,,,,,,,,
4/12/1985,2,,3,,,,,,,,,,
4/19/1985,29,,0,,,,,,,,,,
4/26/1985,6,,8,,,,,,,,,,
5/3/1985,30,,12,,,,,,,,,,
5/10/1985,7,,1,,,,,,,,,,
5/17/1985,0,,0,,,,,,,,,,
5/24/1985,0,,0,,,,,,,,,,
5/31/1985,0,,0,,,,,,,,,,
6/7/1985,10,,4,,,,,,,,,,
6/14/1985,16,,1,,,,,,,,,,
6/21/1985,4,,2,,,,,,,,,,
6/28/1985,14,,4,,,,,,,,,,
7/5/1985,5,,0,,,,,,,,,,
7/12/1985,2,,3,,,,,,,,,,
7/19/1985,2,,2,,,,,,,,,,
7/26/1985,6,,0,,,,,,,,,,
8/2/1985,4,,2,,,,,,,,,,
8/9/1985,5,,1,,,,,,,,,,
8/16/1985,0,,2,,,,,,,,,,
8/23/1985,52,,7,,,,,,,,,,
8/30/1985,7,,3,,,,,,,,,,
9/6/1985,2,,6,,,,,,,,,,
9/13/1985,3,,5,,,,,,,,,,
9/20/1985,3,,14,,,,,,,,,,
10/4/1985,0,,0,,,,,,,,,,
4/7/1986,131,,,,47,,,,,,,,
4/11/1986,2,,,,0,,,,,,,,
4/18/1986,9,,,,3,,,,,,,,
4/25/1986,25,,,,2,,,,,,,,
5/2/1986,4,,,,10,,,,,,,,
5/9/1986,4,,,,3,,,,,,,,
5/16/1986,0,,,,6,,,,,,,,
5/25/1986,0,,,,0,,,,,,,,
5/30/1986,0,,,,0,,,,,,,,
6/6/1986,0,,,,0,,,,,,,,
6/13/1986,0,,,,0,,,,,,,,
6/20/1986,0,,,,4,,,,,,,,
6/27/1986,0,,,,0,,,,,,,,
7/3/1986,0,,,,0,,,,,,,,
7/11/1986,1,,,,3,,,,,,,,
7/18/1986,1,,,,0,,,,,,,,
7/25/1986,0,,,,0,,,,,,,,
8/1/1986,16,,,,2,,,,,,,,
8/8/1986,5,,,,0,,,,,,,,
8/15/1986,0,,,,2,,,,,,,,
8/22/1986,0,,,,0,,,,,,,,
8/29/1986,7,,,,6,,,,,,,,
9/4/1986,0,,,,2,,,,,,,,
9/12/1986,1,,,,0,,,,,,,,
9/19/1986,3,,,,2,,,,,,,,
3/27/1987,27,,,,23,,,,,,,,
4/3/1987,61,,,,40,,,,,,,,
4/10/1987,25,,,,4,,,,,,,,
4/17/1987,29,,,,2,,,,,,,,
4/24/1987,48,,,,5,,,,,,,,
5/1/1987,20,,,,1,,,,,,,,
5/8/1987,4,,,,2,,,,,,,,
5/15/1987,1,,,,1,,,,,,,,
5/22/1987,0,,,,0,,,,,,,,
5/29/1987,0,,,,0,,,,,,,,
6/5/1987,0,,,,0,,,,,,,,
6/12/1987,7,,,,0,,,,,,,,
6/19/1987,22,,,,1,,,,,,,,
6/26/1987,30,,,,9,,,,,,,,
7/2/1987,11,,,,4,,,,,,,,
7/10/1987,0,,,,0,,,,,,,,
7/17/1987,2,,,,0,,,,,,,,
7/24/1987,0,,,,1,,,,,,,,
7/31/1987,18,,,,26,,,,,,,,
8/7/1987,6,,,,4,,,,,,,,
8/14/1987,0,,,,5,,,,,,,,
8/21/1987,0,,,,4,,,,,,,,
8/28/1987,6,,,,21,,,,,,,,
9/4/1987,8,,,,7,,,,,,,,
9/11/1987,2,,,,0,,,,,,,,
9/18/1987,4,,,,1,,,,,,,,
9/25/1987,6,,,,2,,,,,,,,
3/28/1988,2,,,,,,,,,,,,
3/29/1988,NA,,,,17,,,,,,,,
4/1/1988,157,,,,110,,,,,,,,
4/8/1988,136,,,,201,,,,,,,,
4/15/1988,8,,,,2,,,,,,,,
4/22/1988,27,,,,1,,,,,,,,
4/29/1988,24,,,,3,,,,,,,,
5/6/1988,0,,,,1,,,,,,,,
5/13/1988,0,,,,0,,,,,,,,
5/20/1988,0,,,,3,,,,,,,,
5/27/1988,0,,,,0,,,,,,,,
6/3/1988,0,,,,0,,,,,,,,
6/10/1988,0,,,,0,,,,,,,,
6/17/1988,25,,,,1,,,,,,,,
6/24/1988,37,,,,9,,,,,,,,
7/1/1988,16,,,,8,,,,,,,,
7/8/1988,0,,,,0,,,,,,,,
7/15/1988,1,,,,0,,,,,,,,
7/22/1988,0,,,,1,,,,,,,,
7/29/1988,0,,,,0,,,,,,,,
8/5/1988,7,,,,0,,,,,,,,
8/12/1988,2,,,,0,,,,,,,,
8/19/1988,7,,,,3,,,,,,,,
8/26/1988,7,,,,2,,,,,,,,
9/2/1988,3,,,,1,,,,,,,,
9/9/1988,2,,,,1,,,,,,,,
9/16/1988,6,,,,0,,,,,,,,
9/23/1988,3,,,,1,,,,,,,,
9/30/1988,0,,,,1,,,,,,,,
3/31/1989,62,,,,NA,,,,,,,,
4/7/1989,24,,,,12,,,,,,,,
4/14/1989,0,,,,0,,,,,,,,
4/21/1989,36,,,,9,,,,,,,,
4/28/1989,22,,,,8,,,,,,,,
5/5/1989,6,,,,4,,,,,,,,
5/12/1989,1,,,,0,,,,,,,,
5/19/1989,0,,,,0,,,,,,,,
5/26/1989,0,,,,0,,,,,,,,
6/2/1989,0,,,,0,,,,,,,,
6/9/1989,0,,,,0,,,,,,,,
6/16/1989,0,,,,0,,,,,,,,
6/23/1989,9,,,,0,,,,,,,,
6/30/1989,0,,,,0,,,,,,,,
7/7/1989,8,,,,0,,,,,,,,
7/14/1989,0,,,,0,,,,,,,,
7/21/1989,0,,,,0,,,,,,,,
7/28/1989,0,,,,0,,,,,,,,
8/4/1989,8,,,,1,,,,,,,,
8/11/1989,6,,,,2,,,,,,,,
8/18/1989,20,,,,0,,,,,,,,
8/25/1989,30,,,,0,,,,,,,,
9/1/1989,45,,,,0,,,,,,,,
9/8/1989,21,,,,0,,,,,,,,
9/15/1989,6,,,,0,,,,,,,,
9/22/1989,3,,,,NA,,,,,,,,
9/29/1989,8,,,,NA,,,,,,,,
3/16/1990,93,,,,,,,,,,,,
3/23/1990,37,,35,,,,,,,,,,
3/30/1990,13,,14,,,,,,,,,,
4/6/1990,1,,1,,,,,,,,,,
4/13/1990,1,,2,,,,,,,,,,
4/20/1990,40,,12,,,,,,,,,,
4/27/1990,71,,17,,,,,,,,,,
5/4/1990,32,,8,,,,,,,,,,
5/11/1990,3,,0,,,,,,,,,,
5/18/1990,0,,0,,,,,,,,,,
5/25/1990,0,,0,,,,,,,,,,
6/1/1990,0,,0,,,,,,,,,,
6/8/1990,1,,0,,,,,,,,,,
6/15/1990,10,,3,,,,,,,,,,
6/22/1990,13,,3,,,,,,,,,,
6/29/1990,0,,3,,,,,,,,,,
7/6/1990,15,,12,,,,,,,,,,
7/13/1990,0,,3,,,,,,,,,,
7/20/1990,0,,0,,,,,,,,,,
7/27/1990,0,,1,,,,,,,,,,
8/3/1990,4,,7,,,,,,,,,,
8/10/1990,5,,4,,,,,,,,,,
8/17/1990,5,,4,,,,,,,,,,
8/24/1990,15,,4,,,,,,,,,,
8/31/1990,61,,26,,,,,,,,,,
3/15/1991,0,,,,0,,,,,,,,
3/22/1991,39,,,,0,,,,,,,,
3/29/1991,38,,,,0,,,,,,,,
4/5/1991,145,,,,47,,,,,,,,
4/12/1991,181,,,,83,,,,,,,,
4/19/1991,56,,,,5,,,,,,,,
4/26/1991,18,,,,2,,,,,,,,
5/3/1991,35,,,,10,,,,,,,,
5/10/1991,0,,,,2,,,,,,,,
5/17/1991,0,,,,0,,,,,,,,
5/24/1991,0,,,,0,,,,,,,,
5/31/1991,3,,,,0,,,,,,,,
6/7/1991,17,,,,0,,,,,,,,
6/14/1991,6,,,,0,,,,,,,,
6/21/1991,3,,,,0,,,,,,,,
6/28/1991,6,,,,1,,,,,,,,
7/5/1991,5,,,,0,,,,,,,,
7/12/1991,0,,,,1,,,,,,,,
7/19/1991,0,,,,0,,,,,,,,
7/26/1991,10,,,,1,,,,,,,,
8/2/1991,2,,,,1,,,,,,,,
8/9/1991,4,,,,1,,,,,,,,
8/16/1991,2,,,,1,,,,,,,,
8/23/1991,55,,,,0,,,,,,,,
8/30/1991,0,,,,0,,,,,,,,
9/6/1991,0,,,,0,,,,,,,,
9/13/1991,3,,,,0,,,,,,,,
9/20/1991,0,,,,0,,,,,,,,
9/27/1991,,,,,,,,,,,,,
10/4/1991,,,,,,,,,,,,,
10/11/1991,,,,,,,,,,,,,
10/18/1991,,,,,,,,,,,,,
10/25/1991,,,,,,,,,,,,,
11/1/1991,,,,,,,,,,,,,
4/3/1992,,,,,,,,,,,0,,
4/10/1992,,,,,,,,,,,20,,
4/17/1992,,,,,6,,,,,,68,,
4/24/1992,,,,,0,,,,,,27,,
5/1/1992,,,,,0,,,,,,1,,
5/8/1992,,,,,0,,,,,,0,,
5/15/1992,,,,,0,,,,,,1,,
5/22/1992,,,,,0,,,,,,1,,
5/29/1992,,,,,0,,,,,,0,,
6/5/1992,,,,,0,,,,,,0,,
6/12/1992,,,,,0,,,,,,0,,
6/19/1992,,,,,0,,,,,,0,,
6/26/1992,,,,,1,,,,,,14,,
7/3/1992,,,,,4,,,,,,14,,
7/10/1992,,,,,5,,,,,,11,,
7/17/1992,,,,,2,,,,,,3,,
7/24/1992,,,,,5,,,,,,4,,
7/31/1992,,,,,0,,,,,,2,,
8/7/1992,,,,,1,,,,,,3,,
8/14/1992,,,,,0,,,,,,3,,
8/21/1992,,,,,0,,,,,,47,,
8/28/1992,,,,,4,,,,,,40,,
9/4/1992,,,,,0,,,,,,16,,
9/11/1992,,,,,0,,,,,,18,,
9/18/1992,,,,,0,,,,,,6,,
9/25/1992,,,,,0,,,,,,0,,
10/2/1992,,,,,,,,,,,,,
10/9/1992,,,,,,,,,,,,,
10/16/1992,,,,,,,,,,,,,
4/16/1993,,,,,0,,,,,,,38,
4/23/1993,,,,,4,,,,,,,185,
4/30/1993,,,,,2,,,,,,,48,
5/7/1993,,,,,3,,,,,,,100,
5/14/1993,,,,,2,,,,,,,45,
5/21/1993,,,,,1,,,,,,,1,
5/28/1993,,,,,0,,,,,,,0,
6/4/1993,,,,,0,,,,,,,1,
6/11/1993,,,,,0,,,,,,,0,
6/18/1993,,,,,2,,,,,,,18,
6/25/1993,,,,,12,,,,,,,36,
7/2/1993,,,,,3,,,,,,,8,
7/9/1993,,,,,0,,,,,,,27,
7/16/1993,,,,,4,,,,,,,11,
7/23/1993,,,,,0,,,,,,,0,
7/30/1993,,,,,1,,,,,,,2,
8/6/1993,,,,,24,,,,,,,61,
8/13/1993,,,,,7,,,,,,,44,
8/20/1993,,,,,3,,,,,,,24,
8/27/1993,,,,,11,,,,,,,23,
9/3/1993,,,,,0,,,,,,,17,
9/10/1993,,,,,2,,,,,,,2,
9/17/1993,,,,,0,,,,,,,0,
9/24/1993,,,,,,,,,,,,,
10/1/1993,,,,,,,,,,,,,
9/24/1993,,,,,,,,,,,,,
10/1/1993,,,,,,,,,,,,,
4/8/1994,,,,,1,,,,,,,4,
4/15/1998,,,,,1,,,,,,,9,
4/22/1994,,,,,15,,,,,,,71,
4/29/1994,,,,,8,,,,,,,102,
5/6/1994,,,,,1,,,,,,,12,
5/13/1994,,,,,0,,,,,,,7,
5/20/1994,,,,,0,,,,,,,0,
5/27/1994,,,,,0,,,,,,,0,
6/3/1994,,,,,0,,,,,,,0,
6/10/1994,,,,,0,,,,,,,0,
6/17/1994,,,,,0,,,,,,,3,
6/24/1994,,,,,2,,,,,,,12,
7/1/1994,,,,,2,,,,,,,5,
7/8/1994,,,,,1,,,,,,,9,
7/15/1994,,,,,0,,,,,,,4,
7/22/1994,,,,,1,,,,,,,0,
7/29/1994,,,,,0,,,,,,,0,
8/5/1994,,,,,6,,,,,,,5,
8/12/1994,,,,,2,,,,,,,4,
8/19/1994,,,,,0,,,,,,,7,
8/26/1994,,,,,2,,,,,,,8,
9/2/1994,,,,,0,,,,,,,20,
9/9/1994,,,,,7,,,,,,,14,
9/16/1994,,,,,4,,,,,,,7,
9/23/1994,,,,,0,,,,,,,0,
9/30/1994,,,,,,,,,,,,,
10/7/1994,,,,,,,,,,,,,
10/14/1994,,,,,,,,,,,,,
3/20/1995,,,,,0,,,,,,,0,
3/27/1995,,,,,0,,,,,,,2,
3/31/1995,,,,,3,,,,,,,8,
4/7/1995,,,,,1,,,,,,,3,
4/14/1995,,,,,29,,,,,,,102,
4/21/1995,,,,,7,,,,,,,46,
4/28/1995,,,,,3,,,,,,,18,
5/5/1995,,,,,1,,,,,,,9,
5/12/1995,,,,,1,,,,,,,1,
5/19/1995,,,,,2,,,,,,,1,
5/26/1995,,,,,0,,,,,,,0,
6/2/1995,,,,,0,,,,,,,1,
6/9/1995,,,,,0,,,,,,,1,
6/16/1995,,,,,3,,,,,,,3,
6/23/1995,,,,,5,,,,,,,11,
6/30/1995,,,,,6,,,,,,,9,
7/7/1995,,,,,2,,,,,,,2,
7/14/1995,,,,,2,,,,,,,1,
7/21/1995,,,,,1,,,,,,,0,
7/28/1995,,,,,1,,,,,,,1,
8/4/1995,,,,,1,,,,,,,9,
8/11/1995,,,,,1,,,,,,,12,
8/18/1995,,,,,2,,,,,,,15,
8/25/1995,,,,,45,,,,,,,52,
9/1/1995,,,,,8,,,,,,,17,
9/8/1995,,,,,11,,,,,,,2,
9/15/1995,,,,,3,,,,,,,1,
9/22/1995,,,,,,,,,,,,,
9/29/1995,,,,,,,,,,,,,
4/12/1996,,,,,7,,,,,,,25,
4/19/1996,,,,,14,,,,,,,73,
4/26/1996,,,,,3,,,,,,,43,
5/3/1996,,,,,2,,,,,,,86,
5/10/1996,,,,,1,,,,,,,14,
5/17/1996,,,,,0,,,,,,,6,
5/24/1996,,,,,1,,,,,,,0,
5/31/1996,,,,,0,,,,,,,0,
6/7/1996,,,,,0,,,,,,,0,
6/14/1996,,,,,0,,,,,,,0,
6/21/1996,,,,,18,,,,,,,19,
6/28/1996,,,,,17,,,,,,,23,
7/5/1996,,,,,9,,,,,,,2,
7/12/1996,,,,,5,,,,,,,1,
7/19/1996,,,,,2,,,,,,,0,
7/26/1996,,,,,0,,,,,,,0,
8/2/1996,,,,,0,,,,,,,0,
8/9/1996,,,,,0,,,,,,,1,
8/16/1996,,,,,0,,,,,,,3,
8/23/1996,,,,,0,,,,,,,3,
8/30/1996,,,,,49,,,,,,,72,
9/6/1996,,,,,38,,,,,,,46,
9/13/1996,,,,,18,,,,,,,7,
9/20/1996,,,,,15,,,,,,,2,
9/27/1996,,,,,,,,,,,,,
10/4/1996,,,,,,,,,,,,,
3/28/1997,,,,,0,,,,,,,0,
4/4/1997,,,,,26,,,,,,,221,
4/11/1997,,,,,43,,,,,,,175,
4/18/1997,,,,,5,,,,,,,134,
4/24/1997,,,,,1,,,,,,,38,
5/1/1997,,,,,3,,,,,,,75,
5/8/1997,,,,,2,,,,,,,32,
5/15/1997,,,,,1,,,,,,,3,
5/22/1997,,,,,0,,,,,,,1,
5/29/1997,,,,,0,,,,,,,1,
6/5/1997,,,,,0,,,,,,,0,
6/12/1997,,,,,0,,,,,,,0,
6/19/1997,,,,,0,,,,,,,5,
6/26/1997,,,,,18,,,,,,,78,
7/3/1997,,,,,38,,,,,,,68,
7/10/1997,,,,,17,,,,,,,34,
7/17/1997,,,,,14,,,,,,,15,
7/24/1997,,,,,6,,,,,,,4,
7/31/1997,,,,,2,,,,,,,3,
8/7/1997,,,,,3,,,,,,,5,
8/14/1997,,,,,5,,,,,,,16,
8/21/1997,,,,,10,,,,,,,37,
8/28/1997,,,,,5,,,,,,,25,
9/4/1997,,,,,8,,,,,,,33,
9/11/1997,,,,,17,,,,,,,27,
9/18/1997,,,,,7,,,,,,,19,
9/25/1997,,,,,1,,,,,,,5,
10/2/1997,,,,,3,,,,,,,5,
10/9/1997,,,,,,,,,,,,,
10/16/1997,,,,,,,,,,,,,
3/26/1998,,,,,0,,,,,,,0,
4/2/1998,,,,,92,,,,,,,246,
4/9/1998,,,,,13,,,,,,,10,
4/16/1998,,,,,3,,,,,,,34,
4/23/1998,,,,,1,,,,,,,21,
4/30/1998,,,,,3,,,,,,,14,
5/7/1998,,,,,0,,,,,,,1,
5/14/1998,,,,,0,,,,,,,0,
5/21/1998,,,,,0,,,,,,,0,
5/28/1998,,,,,0,,,,,,,0,
6/4/1998,,,,,1,,,,,,,11,
6/11/1998,,,,,2,,,,,,,29,
6/18/1998,,,,,11,,,,,,,58,
6/25/1998,,,,,49,,,,,,,104,
7/2/1998,,,,,63,,,,,,,96,
7/9/1998,,,,,7,,,,,,,11,
7/16/1998,,,,,1,,,,,,,4,
7/23/1998,,,,,9,,,,,,,25,
7/30/1998,,,,,13,,,,,,,51,
8/6/1998,,,,,25,,,,,,,38,
8/13/1998,,,,,22,,,,,,,52,
8/20/1998,,,,,33,,,,,,,103,
8/27/1998,,,,,36,,,,,,,1,
9/3/1998,,,,,45,,,,,,,72,
9/10/1998,,,,,25,,,,,,,34,
9/17/1998,,,,,14,,,,,,,21,
9/24/1998,,,,,4,,,,,,,10,
10/1/1998,,,,,0,,,,,,,2,
10/8/1998,,,,,,,,,,,,,
3/26/1999,,,,,,,,,,,,0,
4/2/1999,,,,,0,,,,,,,36,
4/9/1999,,,,,161,,,,,,,312,
4/16/1999,,,,,24,,,,,,,40,
4/23/1999,,,,,2,,,,,,,6,
4/30/1999,,,,,3,,,,,,,16,
5/7/1999,,,,,7,,,,,,,25,
5/14/1999,,,,,2,,,,,,,4,
5/21/1999,,,,,0,,,,,,,0,
5/27/1999,,,,,0,,,,,,,0,
6/3/1999,,,,,0,,,,,,,0,
6/10/1999,,,,,2,,,,,,,22,
6/17/1999,,,,,0,,,,,,,16,
6/24/1999,,,,,1,,,,,,,29,
7/1/1999,,,,,2,,,,,,,38,
7/8/1999,,,,,86,,,,,,,42,
7/15/1999,,,,,56,,,,,,,7,
7/22/1999,,,,,4,,,,,,,0,
7/29/1999,,,,,7,,,,,,,2,
8/5/1999,,,,,3,,,,,,,4,
8/12/1999,,,,,14,,,,,,,6,
8/19/1999,,,,,11,,,,,,,4,
8/26/1999,,,,,12,,,,,,,9,
9/2/1999,,,,,10,,,,,,,0,
9/9/1999,,,,,4,,,,,,,1,
9/17/1999,,,,,2,,,,,,,0,
9/23/1999,,,,,1,,,,,,,0,
9/30/1999,,,,,,,,,,,,,
10/6/1999,,,,,,,,,,,,,
10/14/1999,,,,,,,,,,,,,
10/21/1999,,,,,,,,,,,,,
10/28/1999,,,,,,,,,,,,,
3/10/2000,,,,,,,,,,,,0,
3/16/2000,,,,,,,,,,,,1,
3/17/2000,,,,,,,,,,,,6,
3/23/2000,,,,,0,,,,,,,7,
3/30/2000,,,,,15,,,,,,,119,
4/6/2000,,,,,7,,,,,,,26,
4/13/2000,,,,,2,,,,,,,11,
4/17/2000,,,,,,,,,,,,,
4/20/2000,,,,,3,,,,,,,31,
4/24/2000,,,,,,,,,,,,,
4/27/2000,,,,,1,,,,,,,5,
5/1/2000,,,,,,,,,,,,,
5/4/2000,,,,,3,,,,,,,4,
5/8/2000,,,,,,,,,,,,,
5/11/2000,,,,,2,,,,,,,2,
5/15/2000,,,,,,,,,,,,,
5/18/2000,,,,,0,,,,,,,0,
5/22/2000,,,,,,,,,,,,,
5/25/2000,,,,,0,,,,,,,0,
5/30/2000,,,,,,,,,,,,,
6/1/2000,,,,,0,,,,,,,0,
6/5/2000,,,,,,,,,,,,,
6/8/2000,,,,,0,,,,,,,7,
6/12/2000,,,,,,,,,,,,,
6/15/2000,,,,,8,,,,,,,41,
6/19/2000,,,,,,,,,,,,,
6/22/2000,,,,,9,,,,,,,71,
6/26/2000,,,,,,,,,,,,,
6/29/2000,,,,,9,,,,,,,62,
4/6/2001,,,,,1,,,,,,,8,
4/13/2001,,,,,46,,,,,,,261,
4/20/2001,,,,,49,,,,,,,282,
4/27/2001,,,,,24,,,,,,,152,
5/4/2001,,,,,10,,,,,,,121,
5/11/2001,,,,,12,,,,,,,44,
5/18/2001,,,,,3,,,,,,,6,
5/25/2001,,,,,0,,,,,,,0,
6/1/2001,,,,,0,,,,,,,0,
6/8/2001,,,,,0,,,,,,,0,
6/15/2001,,,,,1,,,,,,,48,
6/22/2001,,,,,39,,,,,,,71,
6/29/2001,,,,,59,,,,,,,95,
7/6/2001,,,,,14,,,,,,,49,
7/13/2001,,,,,16,,,,,,,32,
7/20/2001,,,,,16,,,,,,,8,
7/27/2001,,,,,0,,,,,,,1,
8/3/2001,,,,,1,,,,,,,21,
8/10/2001,,,,,2,,,,,,,36,
8/17/2001,,,,,1,,,,,,,58,
8/24/2001,,,,,10,,,,,,,54,
8/31/2001,,,,,27,,,,,,,45,
9/7/2001,,,,,65,,,,,,,98,
9/14/2001,,,,,15,,,,,,,38,
9/21/2001,,,,,5,,,,,,,8,
9/28/2001,,,,,2,,,,,,,4,
3/21/2002,,,,,NA,,,,,,,NA,
3/28/2002,,,,,7,,,,,,,0,
4/4/2002,,,,,18,,,,,,,1,
4/11/2002,,,,,36,,,,,,,3,
4/18/2002,,,,,3,,,,,,,13,
4/25/2002,,,,,1,,,,,,,6,
5/2/2002,,,,,1,,,,,,,2,
5/9/2002,,,,,0,,,,,,,1,
5/16/2002,,,,,0,,,,,,,1,
5/23/2002,,,,,0,,,,,,,0,
5/30/2002,,,,,0,,,,,,,0,
6/6/2002,,,,,0,,,,,,,1,
6/13/2002,,,,,0,,,,,,,39,
6/20/2002,,,,,1,,,,,,,36,
6/27/2002,,,,,5,,,,,,,59,
7/3/2002,,,,,7,,,,,,,37,
7/11/2002,,,,,0,,,,,,,11,
7/18/2002,,,,,0,,,,,,,4,
7/25/2002,,,,,0,,,,,,,17,
8/1/2002,,,,,0,,,,,,,58,
8/8/2002,,,,,0,,,,,,,34,
8/15/2002,,,,,9,,,,,,,57,
8/22/2002,,,,,5,,,,,,,66,
8/29/2002,,,,,3,,,,,,,24,
9/5/2002,,,,,6,,,,,,,24,
9/12/2002,,,,,6,,,,,,,11,
9/19/2002,,,,,1,,,,,,,10,
9/26/2002,,,,,0,,,,,,,1,
10/3/2002,,,,,1,,,,,,,4,
4/10/2003,,,,,0,,,,,,,0,
4/17/2003,,,,,10,,,,,,,97,
4/24/2003,,,,,2,,,,,,,18,
5/1/2003,,,,,5,,,,,,,43,
5/8/2003,,,,,1,,,,,,,19,
5/15/2003,,,,,0,,,,,,,1,
5/22/2003,,,,,0,,,,,,,0,
5/29/2003,,,,,0,,,,,,,0,
6/5/2003,,,,,0,,,,,,,0,
6/12/2003,,,,,0,,,,,,,0,
6/19/2003,,,,,0,,,,,,,1,
6/26/2003,,,,,2,,,,,,,2,
7/3/2003,,,,,11,,,,,,,57,
7/10/2003,,,,,5,,,,,,,31,
7/17/2003,,,,,1,,,,,,,25,
7/24/2003,,,,,0,,,,,,,1,
7/31/2003,,,,,0,,,,,,,0,
8/7/2003,,,,,1,,,,,,,3,
8/14/2003,,,,,0,,,,,,,26,
8/21/2003,,,,,7,,,,,,,39,
8/28/2003,,,,,19,,,,,,,42,
9/4/2003,,,,,12,,,,,,,48,
9/11/2003,,,,,14,,,,,,,34,
9/18/2003,,,,,2,,,,,,,13,
9/25/2003,,,,,0,,,,,,,3,
10/2/2003,,,,,0,,,,,,,3,
10/9/2003,,,,,NA,,,,,,,NA,
10/16/2003,,,,,NA,,,,,,,NA,
10/23/2003,,,,,NA,,,,,,,NA,
10/30/2003,,,,,NA,,,,,,,NA,
4/1/2004,,,,,0,,,,,,,43,
4/8/2004,,,,,0,,,,,,,9,
4/15/2004,,,,,2,,,,,,,11,
4/22/2004,,,,,36,,,,,,,131,
4/29/2004,,,,,15,,,,,,,84,
5/6/2004,,,,,1,,,,,,,38,
5/13/2004,,,,,1,,,,,,,3,
5/20/2004,,,,,1,,,,,,,0,
5/27/2004,,,,,0,,,,,,,0,
6/3/2004,,,,,0,,,,,,,9,
6/10/2004,,,,,4,,,,,,,60,
6/17/2004,,,,,24,,,,,,,146,
6/24/2004,,,,,44,,,,,,,162,
7/1/2004,,,,,12,,,,,,,31,
7/8/2004,,,,,1,,,,,,,11,
7/15/2004,,,,,1,,,,,,,0,
7/22/2004,,,,,0,,,,,,,10,
7/29/2004,,,,,0,,,,,,,22,
8/5/2004,,,,,12,,,,,,,46,
8/12/2004,,,,,5,,,,,,,18,
8/19/2004,,,,,11,,,,,,,36,
8/26/2004,,,,,22,,,,,,,80,
9/2/2004,,,,,49,,,,,,,166,
9/9/2004,,,,,37,,,,,,,61,
9/16/2004,,,,,18,,,,,,,27,
9/23/2004,,,,,6,,,,,,,4,
9/30/2004,,,,,1,,,,,,,3,
10/7/2004,,,,,NA,,,,,,,NA,
10/14/2004,,,,,NA,,,,,,,NA,
10/21/2004,,,,,NA,,,,,,,NA,
3/31/2005,,,,,1,,,,,,,7,
4/7/2005,,,,,13,,,,,,,97,
4/14/2005,,,,,50,,,,,,,155,
4/21/2005,,,,,104,,,,,,,93,
4/28/2005,,,,,5,,,,,,,5,
5/5/2005,,,,,0,,,,,,,14,
5/12/2005,,,,,0,,,,,,,8,
5/19/2005,,,,,3,,,,,,,3,
5/26/2005,,,,,1,,,,,,,0,
6/2/2005,,,,,0,,,,,,,0,
6/9/2005,,,,,0,,,,,,,0,
6/16/2005,,,,,6,,,,,,,42,
6/23/2005,,,,,16,,,,,,,45,
6/30/2005,,,,,34,,,,,,,63,
7/7/2005,,,,,77,,,,,,,64,
7/14/2005,,,,,23,,,,,,,20,
7/21/2005,,,,,1,,,,,,,2,
7/28/2005,,,,,0,,,,,,,3,
8/4/2005,,,,,0,,,,,,,13,
8/11/2005,,,,,0,,,,,,,50,
8/18/2005,,,,,10,,,,,,,84,
8/25/2005,,,,,38,,,,,,,184,
9/1/2005,,,,,26,,,,,,,55,
9/8/2005,,,,,0,,,,,,,78,
9/15/2005,,,,,0,,,,,,,26,
9/22/2005,,,,,0,,,,,,,5,
9/29/2005,,,,,0,,,,,,,0,
10/6/2005,,,,,NA,,,,,,,NA,
10/13/2005,,,,,NA,,,,,,,NA,
10/20/2005,,,,,NA,,,,,,,NA,
3/30/2006,,,,,44,,,,,,,61,
4/6/2006,,,,,101,,,,,,,170,
4/13/2006,,,,,43,,,,,,,82,
4/20/2006,,,,,68,,,,,,,63,
4/27/2006,,,,,17,,,,,,,11,
5/4/2006,,,,,1,,,,,,,14,
5/11/2006,,,,,1,,,,,,,1,
5/18/2006,,,,,0,,,,,,,0,
5/25/2006,,,,,0,,,,,,,0,
6/1/2006,,,,,0,,,,,,,0,
6/8/2006,,,,,0,,,,,,,7,
6/15/2006,,,,,5,,,,,,,6,
6/22/2006,,,,,22,,,,,,,50,
6/29/2006,,,,,60,,,,,,,47,
7/6/2006,,,,,77,,,,,,,114,
7/13/2006,,,,,27,,,,,,,5,
7/20/2006,,,,,10,,,,,,,4,
7/27/2006,,,,,1,,,,,,,8,
8/3/2006,,,,,4,,,,,,,29,
8/10/2006,,,,,23,,,,,,,43,
8/17/2006,,,,,12,,,,,,,29,
8/24/2006,,,,,31,,,,,,,45,
8/31/2006,,,,,44,,,,,,,24,
9/7/2006,,,,,27,,,,,,,13,
9/14/2006,,,,,18,,,,,,,6,
9/21/2006,,,,,4,,,,,,,3,
9/28/2006,,,,,1,,,,,,,2,
10/5/2006,,,,,0,,,,,,,1,
10/12/2006,,,,,1,,,,,,,1,
10/19/2006,,,,,NA,,,,,,,NA,
10/26/2006,,,,,NA,,,,,,,NA,
11/2/2006,,,,,NA,,,,,,,NA,
3/22/2007,,,,,NA,,,,,,,NA,
3/29/2007,,,,,0,,,,,,,8,
4/5/2007,,,,,17,,,,,,,135,
4/12/2007,,,,,0,,,,,,,2,
4/19/2007,,,,,0,,,,,,,5,
4/26/2007,,,,,15,,,,,,,148,
5/3/2007,,,,,4,,,,,,,24,
5/10/2007,,,,,0,,,,,,,21,
5/17/2007,,,,,1,,,,,,,0,
5/24/2007,,,,,0,,,,,,,0,
5/31/2007,,,,,0,,,,,,,0,
6/7/2007,,,,,0,,,,,,,2,
6/14/2007,,,,,2,,,,,,,57,
6/21/2007,,,,,21,,,,,,,34,
6/28/2007,,,,,32,,,,,,,68,
7/5/2007,,,,,21,,,,,,,39,
7/12/2007,,,,,18,,,,,,,19,
7/19/2007,,,,,7,,,,,,,2,
7/26/2007,,,,,0,,,,,,,7,
8/2/2007,,,,,5,,,,,,,9,
8/9/2007,,,,,24,,,,,,,48,
8/16/2007,,,,,19,,,,,,,32,
8/23/2007,,,,,20,,,,,,,28,
8/30/2007,,,,,8,,,,,,,32,
9/6/2007,,,,,7,,,,,,,23,
9/13/2007,,,,,2,,,,,,,10,
9/20/2007,,,,,2,,,,,,,4,
9/27/2007,,,,,0,,,,,,,2,
10/4/2007,,,,,NA,,,,,,,NA,
3/27/2008,,,,,0,,,,,,,0,
3/31/2008,,,,,3,,,,,,,2,
4/3/2008,,,,,1,,,,,,,4,
4/10/2008,,,,,1,,,,,,,2,
4/17/2008,,,,,9,,,,,,,65,
4/24/2008,,,,,38,,,,,,,109,
5/1/2008,,,,,6,,,,,,,24,
5/8/2008,,,,,3,,,,,,,6,
5/15/2008,,,,,0,,,,,,,2,
5/22/2008,,,,,0,,,,,,,1,
5/29/2008,,,,,0,,,,,,,0,
6/5/2008,,,,,0,,,,,,,0,
6/12/2008,,,,,8,,,,,,,6,
6/19/2008,,,,,6,,,,,,,42,
6/26/2008,,,,,9,,,,,,,41,
7/3/2008,,,,,12,,,,,,,31,
7/10/2008,,,,,5,,,,,,,27,
7/17/2008,,,,,0,,,,,,,6,
7/24/2008,,,,,0,,,,,,,4,
7/31/2008,,,,,2,,,,,,,35,
8/7/2008,,,,,1,,,,,,,35,
8/14/2008,,,,,3,,,,,,,26,
8/21/2008,,,,,10,,,,,,,68,
8/28/2008,,,,,27,,,,,,,76,
9/4/2008,,,,,34,,,,,,,63,
9/11/2008,,,,,33,,,,,,,45,
9/18/2008,,,,,31,,,,,,,31,
9/25/2008,,,,,5,,,,,,,3,
10/2/2008,,,,,0,,,,,,,2,
10/9/2008,,,,,NA,,,,,,,NA,
4/2/2009,,,,,4,,,,,,,5,
4/9/2009,,,,,19,,,,,,,54,
4/16/2009,,,,,6,,,,,,,19,
4/23/2009,,,,,6,,,,,,,69,
4/30/2009,,,,,14,,,,,,,48,
5/7/2009,,,,,3,,,,,,,18,
5/14/2009,,,,,6,,,,,,,4,
5/21/2009,,,,,1,,,,,,,0,
5/28/2009,,,,,0,,,,,,,0,
6/4/2009,,,,,0,,,,,,,0,
6/11/2009,,,,,1,,,,,,,17,
6/18/2009,,,,,20,,,,,,,61,
6/25/2009,,,,,32,,,,,,,49,
7/2/2009,,,,,46,,,,,,,113,
7/9/2009,,,,,20,,,,,,,76,
7/16/2009,,,,,14,,,,,,,29,
7/23/2009,,,,,4,,,,,,,9,
7/30/2009,,,,,2,,,,,,,18,
8/6/2009,,,,,7,,,,,,,35,
8/13/2009,,,,,34,,,,,,,104,
8/20/2009,,,,,62,,,,,,,74,
8/27/2009,,,,,77,,,,,,,79,
9/3/2009,,,,,60,,,,,,,47,
9/10/2009,,,,,73,,,,,,,28,
9/17/2009,,,,,35,,,,,,,10,
9/24/2009,,,,,27,,,,,,,8,
10/1/2009,,,,,6,,,,,,,5,
10/8/2009,,,,,3,,,,,,,2,
10/15/2009,,,,,NA,,,,,,,NA,
10/22/2009,,,,,NA,,,,,,,NA,
3/25/2010,,,,,2,,,,,,,8,
4/1/2010,,,,,4,,,,,,,71,
4/8/2010,,,,,20,,,,,,,97,
4/15/2010,,,,,4,,,,,,,51,
4/22/2010,,,,,1,,,,,,,14,
4/29/2010,,,,,0,,,,,,,2,
5/6/2010,,,,,1,,,,,,,1,
5/13/2010,,,,,0,,,,,,,0,
5/20/2010,,,,,1,,,,,,,0,
5/27/2010,,,,,0,,,,,,,0,
6/3/2010,,,,,1,,,,,,,7,
6/10/2010,,,,,5,,,,,,,17,
6/17/2010,,,,,25,,,,,,,55,
6/24/2010,,,,,40,,,,,,,72,
7/1/2010,,,,,38,,,,,,,36,
7/8/2010,,,,,7,,,,,,,7,
7/15/2010,,,,,2,,,,,,,5,
7/22/2010,,,,,3,,,,,,,23,
7/29/2010,,,,,4,,,,,,,25,
8/5/2010,,,,,5,,,,,,,62,
8/12/2010,,,,,12,,,,,,,60,
8/19/2010,,,,,21,,,,,,,45,
8/26/2010,,,,,25,,,,,,,49,
9/2/2010,,,,,35,,,,,,,48,
9/9/2010,,,,,11,,,,,,,33,
9/16/2010,,,,,10,,,,,,,7,
9/23/2010,,,,,3,,,,,,,0,
9/30/2010,,,,,3,,,,,,,2,
10/7/2010,,,,,NA,,,,,,,NA,
10/14/2010,,,,,NA,,,,,,,NA,
10/21/2010,,,,,NA,,,,,,,NA,
3/31/2011,,,,,0,,,,,,,0,
4/7/2011,,,,,5,,,,,,,4,
4/14/2011,,,,,19,,,,,,,1,
4/21/2011,,,,,26,,,,,,,4,
4/28/2011,,,,,29,,,,,,,0,
5/5/2011,,,,,10,,,,,,,0,
5/12/2011,,,,,3,,,,,,,1,
5/19/2011,,,,,0,,,,,,,0,
5/26/2011,,,,,0,,,,,,,0,
6/2/2011,,,,,0,,,,,,,0,
6/9/2011,,,,,13,,,,,,,1,
6/16/2011,,,,,48,,,,,,,16,
6/23/2011,,,,,11,,,,,,,41,
6/30/2011,,,,,0,,,,,,,23,
7/7/2011,,,,,15,,,,,,,7,
7/14/2011,,,,,5,,,,,,,6,
7/21/2011,,,,,2,,,,,,,0,
7/28/2011,,,,,31,,,,,,,1,
8/4/2011,,,,,37,,,,,,,2,
8/11/2011,,,,,42,,,,,,,1,
8/18/2011,,,,,50,,,,,,,12,
8/25/2011,,,,,40,,,,,,,7,
9/1/2011,,,,,28,,,,,,,16,
9/8/2011,,,,,14,,,,,,,5,
9/15/2011,,,,,16,,,,,,,3,
9/22/2011,,,,,7,,,,,,,1,
9/29/2011,,,,,1,,,,,,,2,
10/6/2011,,,,,NA,,,,,,,NA,
10/13/2011,,,,,NA,,,,,,,NA,
10/20/2011,,,,,NA,,,,,,,NA,
10/27/2011,,,,,NA,,,,,,,NA,
3/15/2012,,,,,0,,,,,,,0,
3/22/2012,,,,,61,,,,,,,224,
3/29/2012,,,,,2,,,,,,,30,
4/5/2012,,,,,1,,,,,,,12,
4/12/2012,,,,,0,,,,,,,6,
4/19/2012,,,,,2,,,,,,,9,
4/26/2012,,,,,0,,,,,,,0,
5/3/2012,,,,,0,,,,,,,2,
5/10/2012,,,,,0,,,,,,,0,
5/17/2012,,,,,0,,,,,,,0,
5/24/2012,,,,,0,,,,,,,0,
5/31/2012,,,,,2,,,,,,,41,
6/7/2012,,,,,8,,,,,,,26,
6/14/2012,,,,,19,,,,,,,67,
6/21/2012,,,,,19,,,,,,,36,
6/28/2012,,,,,19,,,,,,,22,
7/5/2012,,,,,8,,,,,,,12,
7/12/2012,,,,,8,,,,,,,8,
7/19/2012,,,,,8,,,,,,,17,
7/26/2012,,,,,8,,,,,,,26,
8/2/2012,,,,,18,,,,,,,57,
8/9/2012,,,,,18,,,,,,,71,
8/16/2012,,,,,14,,,,,,,99,
8/23/2012,,,,,16,,,,,,,32,
8/30/2012,,,,,24,,,,,,,53,
9/6/2012,,,,,24,,,,,,,84,
9/13/2012,,,,,20,,,,,,,77,
9/20/2012,,,,,9,,,,,,,34,
9/27/2012,,,,,NA,,,,,,,NA,
10/4/2012,,,,,NA,,,,,,,NA,
10/11/2012,,,,,NA,,,,,,,NA,
4/4/2013,,,,,0,,,,,,,0,
4/11/2013,,,,,11,,,,,,,61,
4/18/2013,,,,,11,,,,,,,73,
4/25/2013,,,,,2,,,,,,,12,
5/2/2013,,,,,0,,,,,,,19,
5/9/2013,,,,,0,,,,,,,5,
5/16/2013,,,,,0,,,,,,,0,
5/23/2013,,,,,0,,,,,,,0,
5/30/2013,,,,,0,,,,,,,1,
6/6/2013,,,,,0,,,,,,,0,
6/13/2013,,,,,0,,,,,,,0,
6/20/2013,,,,,0,,,,,,,0,
6/27/2013,,,,,43,,,,,,,60,
7/3/2013,,,,,21,,,,,,,39,
7/11/2013,,,,,28,,,,,,,63,
7/18/2013,,,,,11,,,,,,,15,
7/25/2013,,,,,2,,,,,,,22,
8/1/2013,,,,,2,,,,,,,25,
8/8/2013,,,,,6,,,,,,,31,
8/15/2013,,,,,16,,,,,,,47,
8/22/2013,,,,,39,,,,,,,46,
8/29/2013,,,,,76,,,,,,,92,
9/5/2013,,,,,48,,,,,,,94,
9/12/2013,,,,,30,,,,,,,41,
9/19/2013,,,,,9,,,,,,,5,
9/26/2013,,,,,NA,,,,,,,NA,
10/3/2013,,,,,NA,,,,,,,NA,
10/10/2013,,,,,NA,,,,,,,NA,
10/17/2013,,,,,NA,,,,,,,NA,
4/3/2014,,,,,0,,,,,,,,0
4/10/2014,,,,,2,,,,,,,,0
4/17/2014,,,,,99,,,,,,,,16
4/24/2014,,,,,60,,,,,,,,3
5/1/2014,,,,,21,,,,,,,,4
5/8/2014,,,,,24,,,,,,,,4
5/15/2014,,,,,15,,,,,,,,4
5/22/2014,,,,,4,,,,,,,,0
5/29/2014,,,,,0,,,,,,,,0
6/5/2014,,,,,0,,,,,,,,0
6/12/2014,,,,,0,,,,,,,,0
6/19/2014,,,,,25,,,,,,,,7
6/26/2014,,,,,34,,,,,,,,7
7/3/2014,,,,,20,,,,,,,,13
7/10/2014,,,,,12,,,,,,,,20
7/17/2014,,,,,8,,,,,,,,6
7/24/2014,,,,,1,,,,,,,,3
7/31/2014,,,,,3,,,,,,,,0
8/7/2014,,,,,5,,,,,,,,0
8/14/2014,,,,,19,,,,,,,,2
8/21/2014,,,,,41,,,,,,,,3
8/28/2014,,,,,59,,,,,,,,12
9/4/2014,,,,,,,,,,,,,
9/11/2014,,,,,,,,,,,,,
9/18/2014,,,,,,,,,,,,,
9/25/2014,,,,,,,,,,,,,
10/2/2014,,,,,,,,,,,,,
4/2/2015,,,,,9,,,,,,,,11
4/9/2015,,,,,51,,,,,,,,7
4/16/2015,,,,,57,,,,,,,,10
4/23/2015,,,,,34,,,,,,,,0
4/30/2015,,,,,24,,,,,,,,5
5/7/2015,,,,,11,,,,,,,,2
5/14/2015,,,,,0,,,,,,,,1
5/21/2015,,,,,0,,,,,,,,0
5/28/2015,,,,,0,,,,,,,,0
6/4/2015,,,,,15,,,,,,,,5
6/11/2015,,,,,57,,,,,,,,15
6/18/2015,,,,,76,,,,,,,,22
6/25/2015,,,,,51,,,,,,,,8
7/2/2015,,,,,15,,,,,,,,4
7/9/2015,,,,,8,,,,,,,,4
7/16/2015,,,,,4,,,,,,,,1
7/23/2015,,,,,12,,,,,,,,2
7/30/2015,,,,,34,,,,,,,,5
8/6/2015,,,,,36,,,,,,,,5
8/13/2015,,,,,40,,,,,,,,6
8/20/2015,,,,,81,,,,,,,,13
8/27/2015,,,,,52,,,,,,,,10
9/3/2015,,,,,36,,,,,,,,9
9/10/2015,,,,,11,,,,,,,,12
9/17/2015,,,,,6,,,,,,,,9
9/24/2015,,,,,2,,,,,,,,0
10/1/2015,,,,,,,,,,,,,
10/8/2015,,,,,,,,,,,,,
