Date,CM.Block,Heck,Fred.1,Fred.2,Raff,Raff.2,Avl.1,Hall.Stand.1,Hall.Stand.2,Hall.Lors.1,Hall.Lors.2,Hall.Space.1,Hall.Space.2,Hall.Pydrin,Muss.1,Muss.2,Bill,USDA.B,USDA.W,Gesug.B,Gesug.W,BL.8,SCM,Spur,Bvl3,Bvl1,Bvl7,Bvl4,Bvl5
8/17/1981,67,68,58,NA,,,,50,,,,,,30,47,52,NA,,,,,,,,,,,,
8/20/1981,NA,NA,52,NA,,,,NA,,,,,,NA,43,58,NA,,,,,,,,,,,,
8/24/1981,61,44,21,NA,,,,40,,,,,,19,22,32,NA,,,,,,,,,,,,
8/27/1981,NA,NA,58,NA,,,,NA,,,,,,NA,43,59,NA,,,,,,,,,,,,
8/31/1981,72,133,20,NA,,,,58,,,,,,70,47,40,NA,,,,,,,,,,,,
9/3/1981,NA,NA,42,NA,,,,NA,,,,,,NA,50,42,NA,,,,,,,,,,,,
9/8/1981,119,267,94,NA,,,,128,,,,,,121,68,65,NA,,,,,,,,,,,,
9/10/1981,NA,NA,22,NA,,,,NA,,,,,,NA,25,47,NA,,,,,,,,,,,,
9/14/1981,73,30,54,NA,,,,35,,,,,,36,47,71,NA,,,,,,,,,,,,
9/17/1981,NA,NA,54,NA,,,,NA,,,,,,NA,51,43,NA,,,,,,,,,,,,
9/21/1981,46,52,20,NA,,,,34,,,,,,38,22,53,NA,,,,,,,,,,,,
9/24/1981,NA,NA,25,NA,,,,NA,,,,,,NA,25,15,NA,,,,,,,,,,,,
9/28/1981,34,66,18,NA,,,,47,,,,,,29,18,27,NA,,,,,,,,,,,,
10/2/1981,NA,NA,7,NA,,,,NA,,,,,,NA,4,11,NA,,,,,,,,,,,,
10/6/1981,6,17,7,NA,,,,9,,,,,,4,4,2,NA,,,,,,,,,,,,
10/13/1981,2,8,4,NA,,,,3,,,,,,5,2,1,NA,,,,,,,,,,,,
5/7/1982,0,0,0,0,,,,NA,,,,,,NA,0,0,0,,,,,,,,,,,,
5/14/1982,15,10,5,9,,,,NA,,,,,,NA,13,7,13,,,,,,,,,,,,
5/21/1982,64,51,44,51,,,,NA,,,,,,NA,85,42,56,,,,,,,,,,,,
5/28/1982,42,54,53,57,,,,NA,,,,,,NA,48,69,52,,,,,,,,,,,,
6/4/1982,33,56,114,NA,,,,NA,,,,,,NA,43,49,49,,,,,,,,,,,,
6/11/1982,23,61,148,NA,,,,NA,,,,,,NA,30,27,26,,,,,,,,,,,,
6/18/1982,29,59,35,NA,,,,NA,,,,,,NA,28,23,50,,,,,,,,,,,,
6/25/1982,15,105,132,NA,,,,NA,,,,,,NA,36,46,24,,,,,,,,,,,,
7/2/1982,2,39,32,NA,,,,NA,,,,,,NA,3,4,4,,,,,,,,,,,,
7/9/1982,0,11,6,NA,,,,NA,,,,,,NA,2,1,2,,,,,,,,,,,,
7/16/1982,0,2,2,NA,,,,NA,,,,,,NA,1,2,1,,,,,,,,,,,,
7/23/1982,3,4,28,NA,,,,NA,,,,,,NA,1,1,1,,,,,,,,,,,,
7/30/1982,16,16,50,NA,,,,NA,,,,,,NA,12,10,24,,,,,,,,,,,,
8/6/1982,24,47,115,NA,,,,NA,,,,,,NA,15,30,37,,,,,,,,,,,,
8/13/1982,53,77,207,NA,,,,NA,,,,,,NA,31,31,60,,,,,,,,,,,,
8/20/1982,22,107,113,NA,,,,NA,,,,,,NA,28,29,97,,,,,,,,,,,,
8/27/1982,37,104,246,NA,,,,NA,,,,,,NA,42,46,91,,,,,,,,,,,,
9/3/1982,36,92,144,NA,,,,NA,,,,,,NA,44,76,98,,,,,,,,,,,,
9/10/1982,72,124,173,NA,,,,NA,,,,,,NA,93,118,161,,,,,,,,,,,,
9/17/1982,31,75,189,NA,,,,NA,,,,,,NA,42,47,77,,,,,,,,,,,,
9/24/1982,10,92,144,NA,,,,NA,,,,,,NA,25,13,26,,,,,,,,,,,,
10/4/1982,16,139,127,NA,,,,NA,,,,,,NA,27,35,34,,,,,,,,,,,,
10/11/1982,6,55,11,NA,,,,NA,,,,,,NA,6,6,14,,,,,,,,,,,,
5/6/1983,0,,0,0,,,,NA,NA,,,,,,0,0,,,,,,,,,,,,,
5/13/1983,0,,1,0,,,,0,0,,,0,0,,0,0,,,,,,,,,,,,,
5/20/1983,10,,4,8,,,,1,1,,,0,0,,8,2,,,,,,,,,,,,,
5/27/1983,60,,68,69,,,,31,13,,,14,14,,57,51,,,,,,,,,,,,,
6/3/1983,23,,51,54,,,,21,19,,,51,21,,40,49,,,,,,,,,,,,,
6/10/1983,51,,100,82,,,,51,46,,,46,29,,51,49,,,,,,,,,,,,,
6/17/1983,15,,118,82,,,,58,41,,,36,30,,24,21,,,,,,,,,,,,,
6/24/1983,29,,116,73,,,,18,54,,,78,30,,28,25,,,,,,,,,,,,,
7/1/1983,7,,49,31,,,,10,10,,,18,10,,13,7,,,,,,,,,,,,,
7/8/1983,0,,2,2,,,,3,3,,,1,0,,0,0,,,,,,,,,,,,,
7/15/1983,0,,0,0,,,,4,1,,,2,0,,0,1,,,,,,,,,,,,,
7/22/1983,3,,4,4,,,,10,9,,,1,2,,2,5,,,,,,,,,,,,,
7/29/1983,5,,16,14,,,,6,3,,,2,1,,13,18,,,,,,,,,,,,,
8/5/1983,12,,12,15,,,,4,3,,,2,1,,13,16,,,,,,,,,,,,,
8/12/1983,37,,46,38,,,,,,,,,,,26,25,,,,,,,,,,,,,
8/19/1983,6,,49,27,,,,17,18,,,4,7,,11,17,,,,,,,,,,,,,
8/26/1983,32,,57,60,,,,12,10,,,15,19,,43,32,,,,,,,,,,,,,
9/2/1983,14,,24,17,,,,15,10,,,7,9,,19,36,,,,,,,,,,,,,
9/9/1983,11,,48,39,,,,8,5,,,3,7,,28,49,,,,,,,,,,,,,
9/16/1983,7,,94,34,,,,11,9,,,5,6,,13,30,,,,,,,,,,,,,
9/23/1983,6,,31,21,,,,15,19,,,18,25,,16,8,,,,,,,,,,,,,
9/30/1983,1,,13,4,,,,3,3,,,1,2,,7,6,,,,,,,,,,,,,
10/28/1983,8,,16,8,,,,NA,NA,,,NA,NA,,10,4,,,,,,,,,,,,,
5/4/1984,NA,,,,,,,,,,,,,,,,,,,,,,,,,,,,
5/18/1984,0,,0,0,0,,,NA,NA,,,,,,,,,,,,,,,,,,,,
5/25/1984,9,,1,14,35,,,0,0,0,1,,,,,,,,,,,,,,,,,,
6/1/1984,33,,102,58,114,,,21,23,11,7,,,,79,71,,,,,,,,,,,,,
6/8/1984,35,,69,72,138,,,64,33,18,15,,,,53,63,,,,,,,,,,,,,
6/15/1984,41,,82,94,111,,,92,99,50,56,,,,92,69,,,,,,,,,,,,,
6/22/1984,29,,64,65,136,,,96,66,84,56,,,,39,43,,,,,,,,,,,,,
6/29/1984,8,,27,34,50,,,58,80,69,28,,,,17,16,,,,,,,,,,,,,
7/6/1984,3,,4,6,7,,,4,9,10,3,,,,8,2,,,,,,,,,,,,,
7/13/1984,0,,6,2,6,,,11,11,7,3,,,,5,6,,,,,,,,,,,,,
7/20/1984,0,,2,0,0,,,5,1,0,0,,,,0,0,,,,,,,,,,,,,
7/27/1984,6,,4,6,3,,,3,0,2,1,,,,7,0,,,,,,,,,,,,,
8/3/1984,0,,1,1,9,,,0,0,0,0,,,,3,0,,,,,,,,,,,,,
8/10/1984,25,,18,18,26,,,1,0,0,0,,,,22,13,,,,,,,,,,,,,
8/17/1984,30,,4,23,30,,,2,6,11,1,,,,29,25,,,,,,,,,,,,,
8/24/1984,23,,22,6,11,,,11,2,2,4,,,,11,3,,,,,,,,,,,,,
9/1/1984,58,,49,54,158,,,28,33,50,34,,,,35,44,,,,,,,,,,,,,
9/7/1984,24,,53,65,100,,,38,39,67,45,,,,24,36,,,,,,,,,,,,,
9/14/1984,27,,28,31,65,,,31,38,33,31,,,,11,22,,,,,,,,,,,,,
10/2/1984,8,,47,32,81,,,33,42,39,19,,,,9,8,,,,,,,,,,,,,
4/26/1985,0,,0,,0,,,,,,,,,,,,,,,,,,,,,,,,
5/3/1985,4,,1,,3,,,,,,,,,,,,,,,,,,,,,,,,
5/10/1985,28,,42,,70,,,,,,,,,,,,,,,,,,,,,,,,
5/17/1985,31,,62,,81,,,,,,,,,,,,,,,,,,,,,,,,
5/24/1985,77,,114,,105,,,,,,,,,,,,,,,,,,,,,,,,
5/31/1985,68,,85,,74,,,,,,,,,,,,,,,,,,,,,,,,
6/7/1985,49,,209,,229,,,,,,,,,,,,,,,,,,,,,,,,
6/14/1985,21,,46,,103,,,,,,,,,,,,,,,,,,,,,,,,
6/21/1985,9,,53,,77,,,,,,,,,,,,,,,,,,,,,,,,
6/28/1985,9,,16,,33,,,,,,,,,,,,,,,,,,,,,,,,
7/5/1985,3,,10,,26,,,,,,,,,,,,,,,,,,,,,,,,
7/12/1985,6,,19,,18,,,,,,,,,,,,,,,,,,,,,,,,
7/19/1985,21,,18,,65,,,,,,,,,,,,,,,,,,,,,,,,
7/26/1985,27,,58,,129,,,,,,,,,,,,,,,,,,,,,,,,
8/2/1985,52,,74,,98,,,,,,,,,,,,,,,,,,,,,,,,
8/9/1985,40,,42,,82,,,,,,,,,,,,,,,,,,,,,,,,
8/16/1985,46,,48,,74,,,,,,,,,,,,,,,,,,,,,,,,
8/23/1985,109,,92,,161,,,,,,,,,,,,,,,,,,,,,,,,
8/30/1985,60,,103,,174,,,,,,,,,,,,,,,,,,,,,,,,
9/6/1985,25,,28,,60,,,,,,,,,,,,,,,,,,,,,,,,
9/13/1985,18,,49,,105,,,,,,,,,,,,,,,,,,,,,,,,
9/20/1985,23,,20,,28,,,,,,,,,,,,,,,,,,,,,,,,
10/4/1985,39,,75,,143,,,,,,,,,,,,,,,,,,,,,,,,
5/9/1986,5,,1,,9,,,,,,,,,,,,,,,,,,,,,,,,
5/16/1986,40,,16,,17,,,,,,,,,,,,,,,,,,,,,,,,
5/25/1986,90,,,,41,,,,,,,,,,,,,,,,,,,,,,,,
5/30/1986,47,,,,47,,,,,,,,,,,,,,,,,,,,,,,,
6/6/1986,52,,,,89,,,,,,,,,,,,,,,,,,,,,,,,
6/13/1986,42,,,,87,,,,,,,,,,,,,,,,,,,,,,,,
6/20/1986,20,,,,61,,,,,,,,,,,,,,,,,,,,,,,,
6/27/1986,1,,,,15,,,,,,,,,,,,,,,,,,,,,,,,
7/3/1986,2,,,,6,,,,,,,,,,,,,,,,,,,,,,,,
7/11/1986,1,,,,4,,,,,,,,,,,,,,,,,,,,,,,,
7/18/1986,8,,,,25,,,,,,,,,,,,,,,,,,,,,,,,
7/25/1986,7,,,,36,,,,,,,,,,,,,,,,,,,,,,,,
8/1/1986,13,,,,60,,,,,,,,,,,,,,,,,,,,,,,,
8/8/1986,22,,,,36,,,,,,,,,,,,,,,,,,,,,,,,
8/15/1986,40,,,,43,,,,,,,,,,,,,,,,,,,,,,,,
8/22/1986,18,,,,55,,,,,,,,,,,,,,,,,,,,,,,,
8/29/1986,16,,,,49,,,,,,,,,,,,,,,,,,,,,,,,
9/4/1986,5,,,,4,,,,,,,,,,,,,,,,,,,,,,,,
9/12/1986,20,,,,11,,,,,,,,,,,,,,,,,,,,,,,,
9/19/1986,29,,,,34,,,,,,,,,,,,,,,,,,,,,,,,
9/26/1986,14,,,,69,,,,,,,,,,,,,,,,,,,,,,,,
10/3/1986,12,,,,47,,,,,,,,,,,,,,,,,,,,,,,,
5/1/1987,0,,,,0,,,,,,,,,,,,,,,,,,,,,,,,
5/8/1987,0,,0,,0,,,,,,,,,,,,,,,,,,,,,,,,
5/15/1987,28,,47,,27,,,,,,,,,,,,,,,,,,,,,,,,
5/22/1987,44,,,,63,,,,,,,,,,,,,,,,,,,,,,,,
5/29/1987,62,,,,75,,,,,,,,,,,,,,,,,,,,,,,,
6/5/1987,67,,,,139,,,,,,,,,,,,,,,,,,,,,,,,
6/12/1987,50,,,,53,,,,,,,,,,,,,,,,,,,,,,,,
6/19/1987,9,,,,15,,,,,,,,,,,,,,,,,,,,,,,,
6/26/1987,3,,,,13,,,,,,,,,,,,,,,,,,,,,,,,
7/2/1987,8,,,,2,,,,,,,,,,,,,,,,,,,,,,,,
7/10/1987,2,,,,15,,,,,,,,,,,,,,,,,,,,,,,,
7/17/1987,13,,,,13,,,,,,,,,,,,,,,,,,,,,,,,
7/24/1987,43,,,,47,,,,,,,,,,,,,,,,,,,,,,,,
7/31/1987,85,,,,134,,,,,,,,,,,,,,,,,,,,,,,,
8/7/1987,45,,,,174,,,,,,,,,,,,,,,,,,,,,,,,
8/14/1987,40,,,,212,,,,,,,,,,,,,,,,,,,,,,,,
8/21/1987,17,,,,106,,,,,,,,,,,,,,,,,,,,,,,,
8/28/1987,50,,,,145,,,,,,,,,,,,,,,,,,,,,,,,
9/4/1987,38,,,,80,,,,,,,,,,,,,,,,,,,,,,,,
9/11/1987,11,,,,21,,,,,,,,,,,,,,,,,,,,,,,,
9/18/1987,26,,,,39,,,,,,,,,,,,,,,,,,,,,,,,
9/25/1987,25,,,,90,,,,,,,,,,,,,,,,,,,,,,,,
10/2/1987,14,,,,23,,,,,,,,,,,,,,,,,,,,,,,,
5/6/1988,0,,0,,0,,,,,,,,,,,,,,,,,,,,,,,,
5/13/1988,10,,5,,6,,,,,,,,,,,,,,,,,,,,,,,,
5/20/1988,80,,161,,79,,,,,,,,,,,,,,,,,,,,,,,,
5/27/1988,47,,138,,62,,,,,,,,,,,,,,,,,,,,,,,,
6/3/1988,46,,62,,37,,,,,,,,,,,,,,,,,,,,,,,,
6/10/1988,123,,137,,141,,,,,,,,,,,,,,,,,,,,,,,,
6/17/1988,53,,78,,69,,,,,,,,,,,,,,,,,,,,,,,,
6/24/1988,8,,25,,23,,,,,,,,,,,,,,,,,,,,,,,,
7/1/1988,5,,11,,4,,,,,,,,,,,,,,,,,,,,,,,,
7/8/1988,5,,3,,1,,,,,,,,,,,,,,,,,,,,,,,,
7/15/1988,7,,16,,2,,,,,,,,,,,,,,,,,,,,,,,,
7/22/1988,9,,44,,23,,,,,,,,,,,,,,,,,,,,,,,,
7/29/1988,25,,35,,38,,,,,,,,,,,,,,,,,,,,,,,,
8/5/1988,36,,98,,87,,,,,,,,,,,,,,,,,,,,,,,,
8/12/1988,49,,56,,NA,,,,,,,,,,,,,,,,,,,,,,,,
8/19/1988,43,,20,,NA,,,,,,,,,,,,,,,,,,,,,,,,
8/26/1988,32,,13,,NA,,,,,,,,,,,,,,,,,,,,,,,,
9/2/1988,32,,33,,NA,,,,,,,,,,,,,,,,,,,,,,,,
9/9/1988,8,,18,,NA,,,,,,,,,,,,,,,,,,,,,,,,
9/16/1988,14,,25,,NA,,,,,,,,,,,,,,,,,,,,,,,,
9/23/1988,17,,25,,NA,,,,,,,,,,,,,,,,,,,,,,,,
9/30/1988,7,,19,,NA,,,,,,,,,,,,,,,,,,,,,,,,
10/7/1988,11,,7,,NA,,,,,,,,,,,,,,,,,,,,,,,,
5/12/1989,1,,0,,0,,,,,,,,,,,,,,,,,,0,,,,,,
5/19/1989,2,,5,,,,,,,,,,,,,,,2,1,1,4,7,4,,,,,,
5/26/1989,77,,39,,,,,,,,,,,,,,,27,89,25,30,55,49,,,,,,
6/2/1989,56,,81,,,,,,,,,,,,,,,16,22,32,18,17,35,,,,,,
6/9/1989,137,,162,,,,,,,,,,,,,,,123,157,123,139,198,148,,,,,,
6/16/1989,99,,52,,,,,,,,,,,,,,,62,118,75,90,107,86,,,,,,
6/23/1989,47,,64,,,,,,,,,,,,,,,58,56,24,69,62,54,,,,,,
6/30/1989,14,,24,,,,,,,,,,,,,,,11,6,9,11,12,12,,,,,,
7/7/1989,5,,13,,,,,,,,,,,,,,,10,11,6,8,13,9,,,,,,
7/14/1989,7,,4,,,,,,,,,,,,,,,2,8,1,9,7,5,,,,,,
7/21/1989,8,,5,,,,,,,,,,,,,,,6,11,6,10,9,8,,,,,,
7/28/1989,26,,18,,,,,,,,,,,,,,,16,61,9,26,12,24,,,,,,
8/4/1989,105,,97,,,,,,,,,,,,,,,159,182,34,70,75,103,,,,,,
8/11/1989,90,,77,,,,,,,,,,,,,,,110,130,48,61,72,71,,,,,,
8/18/1989,138,,85,,,,,,,,,,,,,,,58,127,67,84,60,88,,,,,,
8/25/1989,132,,80,,,,,,,,,,,,,,,69,238,92,101,86,114,,,,,,
9/1/1989,233,,199,,,,,,,,,,,,,,,136,196,157,338,110,162,,,,,,
9/8/1989,88,,62,,,,,,,,,,,,,,,54,97,83,88,82,79,,,,,,
9/15/1989,59,,122,,,,,,,,,,,,,,,90,101,62,67,48,78,,,,,,
9/22/1989,49,,101,,,,,,,,,,,,,,,84,78,6,41,51,58,,,,,,
9/29/1989,10,,7,,,,,,,,,,,,,,,5,3,2,8,5,6,,,,,,
5/4/1990,2,,1,,,,,,,,,,,,,,,,,,,,,,,,,,
5/11/1990,14,,17,,,,,,,,,,,,,,,,,,,,,,,,,,
5/18/1990,58,,25,,,,,,,,,,,,,,,,,,,,,,,,,,
5/25/1990,27,,33,,,,,,,,,,,,,,,,,,,,,,,,,,
6/1/1990,46,,37,,,,,,,,,,,,,,,,,,,,,,,,,,
6/8/1990,85,,86,,,,,,,,,,,,,,,,,,,,,,,,,,
6/15/1990,64,,57,,,,,,,,,,,,,,,,,,,,,,,,,,
6/22/1990,24,,30,,,,,,,,,,,,,,,,,,,,,,,,,,
6/29/1990,4,,4,,,,,,,,,,,,,,,,,,,,,,,,,,
7/6/1990,17,,10,,,,,,,,,,,,,,,,,,,,,,,,,,
7/13/1990,8,,3,,,,,,,,,,,,,,,,,,,,,,,,,,
7/20/1990,7,,7,,,,,,,,,,,,,,,,,,,,,,,,,,
7/27/1990,24,,26,,,,,,,,,,,,,,,,,,,,,,,,,,
8/3/1990,63,,60,,,,,,,,,,,,,,,,,,,,,,,,,,
8/10/1990,54,,59,,,,,,,,,,,,,,,,,,,,,,,,,,
8/17/1990,55,,35,,,,,,,,,,,,,,,,,,,,,,,,,,
8/24/1990,102,,66,,,,,,,,,,,,,,,,,,,,,,,,,,
8/31/1990,106,,101,,,,,,,,,,,,,,,,,,,,,,,,,,
9/7/1990,125,,111,,,,,,,,,,,,,,,,,,,,,,,,,,
9/14/1990,102,,68,,,,,,,,,,,,,,,,,,,,,,,,,,
9/21/1990,34,,24,,,,,,,,,,,,,,,,,,,,,,,,,,
10/15/1990,9,,25,,,,,,,,,,,,,,,,,,,,,,,,,,
3/15/1991,,,,,,,,,,,,,,,,,,,,,,,,,,,,,
3/22/1991,,,,,,,,,,,,,,,,,,,,,,,,,,,,,
3/29/1991,,,,,,,,,,,,,,,,,,,,,,,,,,,,,
4/5/1991,,,,,,,,,,,,,,,,,,,,,,,,,,,,,
4/12/1991,,,,,,,,,,,,,,,,,,,,,,,,,,,,,
4/19/1991,,,,,,,,,,,,,,,,,,,,,,,,,,,,,
4/26/1991,0,,,,0,,,,,,,,,,,,,,,,,,,,,,,,
5/3/1991,1,,,,0,,,,,,,,,,,,,,,,,,,,,,,,
5/10/1991,18,,,,5,,,,,,,,,,,,,,,,,,,,,,,,
5/17/1991,57,,,,61,,,,,,,,,,,,,,,,,,,,,,,,
5/24/1991,32,,,,55,,,,,,,,,,,,,,,,,,,,,,,,
5/31/1991,143,,,,163,,,,,,,,,,,,,,,,,,,,,,,,
6/7/1991,83,,,,45,,,,,,,,,,,,,,,,,,,,,,,,
6/14/1991,21,,,,22,,,,,,,,,,,,,,,,,,,,,,,,
6/21/1991,6,,,,4,,,,,,,,,,,,,,,,,,,,,,,,
6/28/1991,7,,,,0,,,,,,,,,,,,,,,,,,,,,,,,
7/5/1991,16,,,,1,,,,,,,,,,,,,,,,,,,,,,,,
7/12/1991,41,,,,14,,,,,,,,,,,,,,,,,,,,,,,,
7/19/1991,39,,,,34,,,,,,,,,,,,,,,,,,,,,,,,
7/26/1991,141,,,,37,,,,,,,,,,,,,,,,,,,,,,,,
8/2/1991,111,,,,99,,,,,,,,,,,,,,,,,,,,,,,,
8/9/1991,98,,,,35,,,,,,,,,,,,,,,,,,,,,,,,
8/16/1991,50,,,,16,,,,,,,,,,,,,,,,,,,,,,,,
8/23/1991,154,,,,22,,,,,,,,,,,,,,,,,,,,,,,,
8/30/1991,37,,,,12,,,,,,,,,,,,,,,,,,,,,,,,
9/6/1991,107,,,,41,,,,,,,,,,,,,,,,,,,,,,,,
9/13/1991,38,,,,17,,,,,,,,,,,,,,,,,,,,,,,,
9/20/1991,46,,,,6,,,,,,,,,,,,,,,,,,,,,,,,
9/27/1991,20,,,,4,,,,,,,,,,,,,,,,,,,,,,,,
10/4/1991,16,,,,2,,,,,,,,,,,,,,,,,,,,,,,,
10/11/1991,1,,,,0,,,,,,,,,,,,,,,,,,,,,,,,
10/18/1991,1,,,,0,,,,,,,,,,,,,,,,,,,,,,,,
10/25/1991,1,,,,0,,,,,,,,,,,,,,,,,,,,,,,,
11/1/1991,1,,,,0,,,,,,,,,,,,,,,,,,,,,,,,
4/3/1992,,,,,,,,,,,,,,,,,,,,,,,,,,,,,
4/10/1992,,,,,,,,,,,,,,,,,,,,,,,,,,,,,
4/17/1992,,,,,,,,,,,,,,,,,,,,,,,,,,,,,
4/24/1992,,,,,,,,,,,,,,,,,,,,,,,,,,,,,
5/1/1992,,,,,,,,,,,,,,,,,,,,,,,0,,,,,,
5/8/1992,,,,,,,,,,,,,,,,,,,,,,,0,,,,,,
5/15/1992,,,,,0,,,,,,,,,,,,,,,,,,8,,,,,,
5/22/1992,,,,,27,,,,,,,,,,,,,,,,,,82,,,,,,
5/29/1992,,,,,13,,,,,,,,,,,,,,,,,,29,,,,,,
6/5/1992,,,,,42,,,,,,,,,,,,,,,,,,55,,,,,,
6/12/1992,,,,,86,,,,,,,,,,,,,,,,,,98,,,,,,
6/19/1992,,,,,36,,,,,,,,,,,,,,,,,,95,,,,,,
6/26/1992,,,,,12,,,,,,,,,,,,,,,,,,39,,,,,,
7/3/1992,,,,,7,,,,,,,,,,,,,,,,,,41,,,,,,
7/10/1992,,,,,8,,,,,,,,,,,,,,,,,,40,,,,,,
7/17/1992,,,,,7,,,,,,,,,,,,,,,,,,16,,,,,,
7/24/1992,,,,,1,,,,,,,,,,,,,,,,,,5,,,,,,
7/31/1992,,,,,1,,,,,,,,,,,,,,,,,,14,,,,,,
8/7/1992,,,,,12,,,,,,,,,,,,,,,,,,44,,,,,,
8/14/1992,,,,,34,,,,,,,,,,,,,,,,,,47,,,,,,
8/21/1992,,,,,9,,,,,,,,,,,,,,,,,,60,,,,,,
8/28/1992,,,,,8,,,,,,,,,,,,,,,,,,87,,,,,,
9/4/1992,,,,,24,,,,,,,,,,,,,,,,,,183,,,,,,
9/11/1992,,,,,11,,,,,,,,,,,,,,,,,,131,,,,,,
9/18/1992,,,,,3,,,,,,,,,,,,,,,,,,66,,,,,,
9/25/1992,,,,,3,,,,,,,,,,,,,,,,,,23,,,,,,
10/2/1992,,,,,0,,,,,,,,,,,,,,,,,,0,,,,,,
10/9/1992,,,,,0,,,,,,,,,,,,,,,,,,2,,,,,,
10/16/1992,,,,,,,,,,,,,,,,,,,,,,,1,,,,,,
4/16/1993,,,,,,,,,,,,,,,,,,,,,,,,,,,,,
4/23/1993,,,,,,,,,,,,,,,,,,,,,,,,,,,,,
4/30/1993,,,,,,,,,,,,,,,,,,,,,,,,,,,,,
5/7/1993,,,,,0,,,,,,,,,,,,,,,,,,0,,,,,,
5/14/1993,,,,,0,,,,,,,,,,,,,,,,,,8,,,,,,
5/21/1993,,,,,3,,,,,,,,,,,,,,,,,,53,,,,,,
5/28/1993,,,,,78,,,,,,,,,,,,,,,,,,87,,,,,,
6/4/1993,,,,,69,,,,,,,,,,,,,,,,,,114,,,,,,
6/11/1993,,,,,119,,,,,,,,,,,,,,,,,,140,,,,,,
6/18/1993,,,,,16,,,,,,,,,,,,,,,,,,126,,,,,,
6/25/1993,,,,,9,,,,,,,,,,,,,,,,,,60,,,,,,
7/2/1993,,,,,4,,,,,,,,,,,,,,,,,,40,,,,,,
7/9/1993,,,,,0,,,,,,,,,,,,,,,,,,7,,,,,,
7/16/1993,,,,,0,,,,,,,,,,,,,,,,,,4,,,,,,
7/23/1993,,,,,14,,,,,,,,,,,,,,,,,,13,,,,,,
7/30/1993,,,,,31,,,,,,,,,,,,,,,,,,55,,,,,,
8/6/1993,,,,,49,,,,,,,,,,,,,,,,,,29,,,,,,
8/13/1993,,,,,29,,,,,,,,,,,,,,,,,,40,,,,,,
8/20/1993,,,,,18,,,,,,,,,,,,,,,,,,37,,,,,,
8/27/1993,,,,,36,,,,,,,,,,,,,,,,,,49,,,,,,
9/3/1993,,,,,10,,,,,,,,,,,,,,,,,,34,,,,,,
9/10/1993,,,,,8,,,,,,,,,,,,,,,,,,28,,,,,,
9/17/1993,,,,,12,,,,,,,,,,,,,,,,,,4,,,,,,
9/24/1993,,,,,2,,,,,,,,,,,,,,,,,,0,,,,,,
10/1/1993,,,,,,,,,,,,,,,,,,,,,,,,,,,,,
9/24/1993,,,,,,,,,,,,,,,,,,,,,,,,,,,,,
10/1/1993,,,,,,,,,,,,,,,,,,,,,,,,,,,,,
4/8/1994,,,,,,,,,,,,,,,,,,,,,,,,,,,,,
4/15/1994,,,,,,,,,,,,,,,,,,,,,,,,,,,,,
4/22/1994,,,,,,,,,,,,,,,,,,,,,,,,,,,,,
4/29/1994,,,,,,,,,,,,,,,,,,,,,,,,,,,,,
5/6/1994,,,,,0,,,,,,,,,,,,,,,,,,0,,,,,,
5/13/1994,,,,,0,,,,,,,,,,,,,,,,,,1,,,,,,
5/20/1994,,,,,1,,,,,,,,,,,,,,,,,,4,,,,,,
5/27/1994,,,,,101,,,,,,,,,,,,,,,,,,79,,,,,,
6/3/1994,,,,,151,,,,,,,,,,,,,,,,,,147,,,,,,
6/10/1994,,,,,178,,,,,,,,,,,,,,,,,,157,,,,,,
6/17/1994,,,,,,,,,,,,,,,,,,,,,,,178,,,,,,
6/24/1994,,,,,67,,,,,,,,,,,,,,,,,,114,,,,,,
7/1/1994,,,,,29,,,,,,,,,,,,,,,,,,85,,,,,,
7/8/1994,,,,,5,,,,,,,,,,,,,,,,,,8,,,,,,
7/15/1994,,,,,1,,,,,,,,,,,,,,,,,,10,,,,,,
7/22/1994,,,,,11,,,,,,,,,,,,,,,,,,21,,,,,,
7/29/1994,,,,,27,,,,,,,,,,,,,,,,,,29,,,,,,
8/5/1994,,,,,72,,,,,,,,,,,,,,,,,,127,,,,,,
8/12/1994,,,,,48,,,,,,,,,,,,,,,,,,88,,,,,,
8/19/1994,,,,,76,,,,,,,,,,,,,,,,,,156,,,,,,
8/26/1994,,,,,44,,,,,,,,,,,,,,,,,,149,,,,,,
9/2/1994,,,,,37,,,,,,,,,,,,,,,,,,123,,,,,,
9/9/1994,,,,,84,,,,,,,,,,,,,,,,,,75,,,,,,
9/16/1994,,,,,74,,,,,,,,,,,,,,,,,,53,,,,,,
9/23/1994,,,,,28,,,,,,,,,,,,,,,,,,26,,,,,,
9/30/1994,,,,,6,,,,,,,,,,,,,,,,,,20,,,,,,
10/7/1994,,,,,0,,,,,,,,,,,,,,,,,,9,,,,,,
10/14/1994,,,,,,,,,,,,,,,,,,,,,,,,,,,,,
3/20/1995,,,,,,,,,,,,,,,,,,,,,,,,,,,,,
3/27/1995,,,,,,,,,,,,,,,,,,,,,,,,,,,,,
3/31/1995,,,,,,,,,,,,,,,,,,,,,,,,,,,,,
4/7/1995,,,,,,,,,,,,,,,,,,,,,,,,,,,,,
4/14/1995,,,,,,,,,,,,,,,,,,,,,,,,,,,,,
4/21/1995,,,,,,,,,,,,,,,,,,,,,,,,,,,,,
4/28/1995,,,,,0,,,,,,,,,,,,,,,,,,0,,,,,,
5/5/1995,,,,,0,,,,,,,,,,,,,,,,,,0,,,,,,
5/12/1995,,,,,0,,,,,,,,,,,,,,,,,,7,,,,,,
5/19/1995,,,,,17,,,,,,,,,,,,,,,,,,52,,,,,,
5/26/1995,,,,,140,,,,,,,,,,,,,,,,,,141,,,,,,
6/2/1995,,,,,91,,,,,,,,,,,,,,,,,,75,,,,,,
6/9/1995,,,,,121,,,,,,,,,,,,,,,,,,59,,,,,,
6/16/1995,,,,,148,,,,,,,,,,,,,,,,,,31,,,,,,
6/23/1995,,,,,52,,,,,,,,,,,,,,,,,,23,,,,,,
6/30/1995,,,,,28,,,,,,,,,,,,,,,,,,7,,,,,,
7/7/1995,,,,,0,,,,,,,,,,,,,,,,,,3,,,,,,
7/14/1995,,,,,0,,,,,,,,,,,,,,,,,,1,,,,,,
7/21/1995,,,,,4,,,,,,,,,,,,,,,,,,10,,,,,,
7/28/1995,,,,,12,,,,,,,,,,,,,,,,,,46,,,,,,
8/4/1995,,,,,46,,,,,,,,,,,,,,,,,,66,,,,,,
8/11/1995,,,,,84,,,,,,,,,,,,,,,,,,107,,,,,,
8/18/1995,,,,,59,,,,,,,,,,,,,,,,,,85,,,,,,
8/25/1995,,,,,58,,,,,,,,,,,,,,,,,,66,,,,,,
9/1/1995,,,,,7,,,,,,,,,,,,,,,,,,17,,,,,,
9/8/1995,,,,,24,,,,,,,,,,,,,,,,,,31,,,,,,
9/15/1995,,,,,2,,,,,,,,,,,,,,,,,,44,,,,,,
9/22/1995,,,,,0,,,,,,,,,,,,,,,,,,36,,,,,,
9/29/1995,,,,,1,,,,,,,,,,,,,,,,,,25,,,,,,
4/12/1996,,,,,,,,,,,,,,,,,,,,,,,,,,,,,
4/19/1996,,,,,,,,,,,,,,,,,,,,,,,,,,,,,
4/26/1996,,,,,,,,,,,,,,,,,,,,,,,,,,,,,
5/3/1996,,,,,0,,,,,,,,,,,,,,,,,,0,,,,,,
5/10/1996,,,,,0,,,,,,,,,,,,,,,,,,0,,,,,,
5/17/1996,,,,,0,,,,,,,,,,,,,,,,,,0,,,,,,
5/24/1996,,,,,23,,,,,,,,,,,,,,,,,,34,,,,,,
5/31/1996,,,,,34,,,,,,,,,,,,,,,,,,43,,,,,,
6/7/1996,,,,,63,,,,,,,,,,,,,,,,,,54,,,,,,
6/14/1996,,,,,25,,,,,,,,,,,,,,,,,,42,,,,,,
6/21/1996,,,,,15,,,,,,,,,,,,,,,,,,38,,,,,,
6/28/1996,,,,,20,,,,,,,,,,,,,,,,,,14,,,,,,
7/5/1996,,,,,0,,,,,,,,,,,,,,,,,,1,,,,,,
7/12/1996,,,,,2,,,,,,,,,,,,,,,,,,0,,,,,,
7/19/1996,,,,,0,,,,,,,,,,,,,,,,,,0,,,,,,
7/26/1996,,,,,0,,,,,,,,,,,,,,,,,,0,,,,,,
8/2/1996,,,,,1,,,,,,,,,,,,,,,,,,7,,,,,,
8/9/1996,,,,,0,,,,,,,,,,,,,,,,,,8,,,,,,
8/16/1996,,,,,3,,,,,,,,,,,,,,,,,,24,,,,,,
8/23/1996,,,,,4,,,,,,,,,,,,,,,,,,30,,,,,,
8/30/1996,,,,,18,,,,,,,,,,,,,,,,,,45,,,,,,
9/6/1996,,,,,2,,,,,,,,,,,,,,,,,,20,,,,,,
9/13/1996,,,,,1,,,,,,,,,,,,,,,,,,7,,,,,,
9/20/1996,,,,,5,,,,,,,,,,,,,,,,,,0,,,,,,
9/27/1996,,,,,0,,,,,,,,,,,,,,,,,,1,,,,,,
10/4/1996,,,,,,,,,,,,,,,,,,,,,,,,,,,,,
3/28/1997,,,,,,,,,,,,,,,,,,,,,,,,,,,,,
4/4/1997,,,,,,,,,,,,,,,,,,,,,,,,,,,,,
4/11/1997,,,,,,,,,,,,,,,,,,,,,,,,,,,,,
4/18/1997,,,,,,,,,,,,,,,,,,,,,,,,,,,,,
4/24/1997,,,,,,,,,,,,,,,,,,,,,,,,,,,,,
5/1/1997,,,,,,,,,,,,,,,,,,,,,,,,,,,,,
5/8/1997,,,,,0,,,,,,,,,,,,,,,,,,1,,,,,,
5/15/1997,,,,,1,,,,,,,,,,,,,,,,,,5,,,,,,
5/22/1997,,,,,18,,,,,,,,,,,,,,,,,,39,,,,,,
5/29/1997,,,,,69,,,,,,,,,,,,,,,,,,69,,,,,,
6/5/1997,,,,,59,,,,,,,,,,,,,,,,,,48,,,,,,
6/12/1997,,,,,39,,,,,,,,,,,,,,,,,,24,,,,,,
6/19/1997,,,,,56,,,,,,,,,,,,,,,,,,34,,,,,,
6/26/1997,,,,,134,,,,,,,,,,,,,,,,,,62,,,,,,
7/3/1997,,,,,89,,,,,,,,,,,,,,,,,,33,,,,,,
7/10/1997,,,,,29,,,,,,,,,,,,,,,,,,14,,,,,,
7/17/1997,,,,,8,,,,,,,,,,,,,,,,,,0,,,,,,
7/24/1997,,,,,12,,,,,,,,,,,,,,,,,,18,,,,,,
7/31/1997,,,,,19,,,,,,,,,,,,,,,,,,23,,,,,,
8/7/1997,,,,,23,,,,,,,,,,,,,,,,,,18,,,,,,
8/14/1997,,,,,21,,,,,,,,,,,,,,,,,,33,,,,,,
8/21/1997,,,,,20,,,,,,,,,,,,,,,,,,64,,,,,,
8/28/1997,,,,,66,,,,,,,,,,,,,,,,,,92,,,,,,
9/4/1997,,,,,24,,,,,,,,,,,,,,,,,,62,,,,,,
9/11/1997,,,,,66,,,,,,,,,,,,,,,,,,86,,,,,,
9/18/1997,,,,,31,,,,,,,,,,,,,,,,,,52,,,,,,
9/25/1997,,,,,55,,,,,,,,,,,,,,,,,,6,,,,,,
10/2/1997,,,,,59,,,,,,,,,,,,,,,,,,9,,,,,,
10/9/1997,,,,,8,,,,,,,,,,,,,,,,,,1,,,,,,
10/16/1997,,,,,2,,,,,,,,,,,,,,,,,,0,,,,,,
3/26/1998,,,,,,,,,,,,,,,,,,,,,,,,,,,,,
4/2/1998,,,,,,,,,,,,,,,,,,,,,,,,,,,,,
4/9/1998,,,,,,,,,,,,,,,,,,,,,,,,,,,,,
4/16/1998,,,,,,,,,,,,,,,,,,,,,,,,,,,,,
4/23/1998,,,,,0,,,,,,,,,,,,,,,,,,0,,,,,,
4/30/1998,,,,,1,,,,,,,,,,,,,,,,,,1,,,,,,
5/7/1998,,,,,5,,,,,,,,,,,,,,,,,,12,,,,,,
5/14/1998,,,,,5,,,,,,,,,,,,,,,,,,42,,,,,,
5/21/1998,,,,,75,,,,,,,,,,,,,,,,,,54,,,,,,
5/28/1998,,,,,74,,,,,,,,,,,,,,,,,,103,,,,,,
6/4/1998,,,,,105,,,,,,,,,,,,,,,,,,109,,,,,,
6/11/1998,,,,,41,,,,,,,,,,,,,,,,,,74,,,,,,
6/18/1998,,,,,90,,,,,,,,,,,,,,,,,,24,,,,,,
6/25/1998,,,,,55,,,,,,,,,,,,,,,,,,13,,,,,,
7/2/1998,,,,,21,,,,,,,,,,,,,,,,,,5,,,,,,
7/9/1998,,,,,2,,,,,,,,,,,,,,,,,,3,,,,,,
7/16/1998,,,,,0,,,,,,,,,,,,,,,,,,4,,,,,,
7/23/1998,,,,,1,,,,,,,,,,,,,,,,,,13,,,,,,
7/30/1998,,,,,12,,,,,,,,,,,,,,,,,,27,,,,,,
8/6/1998,,,,,15,,,,,,,,,,,,,,,,,,27,,,,,,
8/13/1998,,,,,30,,,,,,,,,,,,,,,,,,26,,,,,,
8/20/1998,,,,,14,,,,,,,,,,,,,,,,,,41,,,,,,
8/27/1998,,,,,31,,,,,,,,,,,,,,,,,,39,,,,,,
9/3/1998,,,,,35,,,,,,,,,,,,,,,,,,26,,,,,,
9/10/1998,,,,,34,,,,,,,,,,,,,,,,,,6,,,,,,
9/17/1998,,,,,8,,,,,,,,,,,,,,,,,,4,,,,,,
9/24/1998,,,,,8,,,,,,,,,,,,,,,,,,0,,,,,,
10/1/1998,,,,,4,,,,,,,,,,,,,,,,,,,,,,,,
10/8/1998,,,,,,,,,,,,,,,,,,,,,,,,,,,,,
10/15/1998,,,,,,,,,,,,,,,,,,,,,,,,,,,,,
3/26/1999,,,,,,,,,,,,,,,,,,,,,,,,,,,,,
4/2/1999,,,,,,,,,,,,,,,,,,,,,,,,,,,,,
4/9/1999,,,,,,,,,,,,,,,,,,,,,,,,,,,,,
4/16/1999,,,,,,,,,,,,,,,,,,,,,,,,,,,,,
4/23/1999,,,,,,,,,,,,,,,,,,,,,,,,,,,,,
4/30/1999,,,,,,,,,,,,,,,,,,,,,,,,,,,,,
5/7/1999,,,,,0,,,,,,,,,,,,,,,,,,0,,,,,,
5/14/1999,,,,,5,,,,,,,,,,,,,,,,,,8,,,,,,
5/21/1999,,,,,23,,,,,,,,,,,,,,,,,,51,,,,,,
5/27/1999,,,,,40,,,,,,,,,,,,,,,,,,78,,,,,,
6/3/1999,,,,,61,,,,,,,,,,,,,,,,,,76,,,,,,
6/10/1999,,,,,54,,,,,,,,,,,,,,,,,,39,,,,,,
6/17/1999,,,,,68,,,,,,,,,,,,,,,,,,23,,,,,,
6/24/1999,,,,,26,,,,,,,,,,,,,,,,,,3,,,,,,
7/1/1999,,,,,18,,,,,,,,,,,,,,,,,,5,,,,,,
7/8/1999,,,,,9,,,,,,,,,,,,,,,,,,0,,,,,,
7/15/1999,,,,,5,,,,,,,,,,,,,,,,,,7,,,,,,
7/22/1999,,,,,3,,,,,,,,,,,,,,,,,,4,,,,,,
7/29/1999,,,,,16,,,,,,,,,,,,,,,,,,19,,,,,,
8/5/1999,,,,,13,,,,,,,,,,,,,,,,,,20,,,,,,
8/12/1999,,,,,32,,,,,,,,,,,,,,,,,,23,,,,,,
8/19/1999,,,,,1,,,,,,,,,,,,,,,,,,7,,,,,,
8/26/1999,,,,,7,,,,,,,,,,,,,,,,,,7,,,,,,
9/2/1999,,,,,4,,,,,,,,,,,,,,,,,,9,,,,,,
9/9/1999,,,,,3,,,,,,,,,,,,,,,,,,2,,,,,,
9/17/1999,,,,,9,,,,,,,,,,,,,,,,,,0,,,,,,
9/23/1999,,,,,2,,,,,,,,,,,,,,,,,,2,,,,,,
9/30/1999,,,,,3,,,,,,,,,,,,,,,,,,0,,,,,,
10/6/1999,,,,,,,,,,,,,,,,,,,,,,,,,,,,,
10/14/1999,,,,,,,,,,,,,,,,,,,,,,,,,,,,,
10/21/1999,,,,,,,,,,,,,,,,,,,,,,,,,,,,,
10/28/1999,,,,,,,,,,,,,,,,,,,,,,,,,,,,,
3/10/2000,,,,,,NA,,,,,,,,,,,,,,,,,,,NA,NA,NA,NA,NA
3/16/2000,,,,,,NA,,,,,,,,,,,,,,,,,,,NA,NA,NA,NA,NA
3/17/2000,,,,,,NA,,,,,,,,,,,,,,,,,,,NA,NA,NA,NA,NA
3/23/2000,,,,,,NA,,,,,,,,,,,,,,,,,,,NA,NA,NA,NA,NA
3/30/2000,,,,,,NA,,,,,,,,,,,,,,,,,,,NA,NA,NA,NA,NA
4/6/2000,,,,,,NA,,,,,,,,,,,,,,,,,,,NA,NA,NA,NA,NA
4/13/2000,,,,,,NA,,,,,,,,,,,,,,,,,,,NA,NA,NA,NA,NA
4/17/2000,,,,,,NA,,,,,,,,,,,,,,,,,,,NA,NA,NA,NA,NA
4/20/2000,,,,,,NA,,,,,,,,,,,,,,,,,,,NA,NA,NA,NA,NA
4/24/2000,,,,,,NA,,,,,,,,,,,,,,,,,,,NA,NA,NA,NA,NA
4/27/2000,,,,,0,NA,0,,,,,,,,,,,,,,,,0,0,NA,NA,NA,NA,NA
5/1/2000,,,,,,NA,,,,,,,,,,,,,,,,,,,NA,NA,NA,NA,NA
5/4/2000,,,,,0,NA,0,,,,,,,,,,,,,,,,0,0,NA,NA,NA,NA,NA
5/8/2000,,,,,,NA,,,,,,,,,,,,,,,,,,,NA,NA,NA,NA,NA
5/11/2000,,,,,9,NA,12,,,,,,,,,,,,,,,,18,5,NA,NA,NA,NA,NA
5/15/2000,,,,,,NA,,,,,,,,,,,,,,,,,,,NA,NA,NA,NA,NA
5/18/2000,,,,,54,NA,58,,,,,,,,,,,,,,,,84,46,NA,NA,NA,NA,NA
5/22/2000,,,,,,NA,,,,,,,,,,,,,,,,,,,NA,NA,NA,NA,NA
5/25/2000,,,,,43,NA,35,,,,,,,,,,,,,,,,88,26,NA,NA,NA,NA,NA
5/30/2000,,,,,,NA,,,,,,,,,,,,,,,,,,,NA,NA,NA,NA,NA
6/1/2000,,,,,38,NA,39,,,,,,,,,,,,,,,,30,12,NA,NA,NA,NA,NA
6/5/2000,,,,,,NA,,,,,,,,,,,,,,,,,,,NA,NA,NA,NA,NA
6/8/2000,,,,,27,NA,39,,,,,,,,,,,,,,,,34,11,NA,NA,NA,NA,NA
6/12/2000,,,,,,NA,,,,,,,,,,,,,,,,,,,NA,NA,NA,NA,NA
6/15/2000,,,,,35,NA,45,,,,,,,,,,,,,,,,28,3,NA,NA,NA,NA,NA
6/19/2000,,,,,,NA,,,,,,,,,,,,,,,,,,,NA,NA,NA,NA,NA
6/22/2000,,,,,24,NA,28,,,,,,,,,,,,,,,,14,1,NA,NA,NA,NA,NA
6/26/2000,,,,,,NA,,,,,,,,,,,,,,,,,,,NA,NA,NA,NA,NA
6/29/2000,,,,,5,NA,3,,,,,,,,,,,,,,,,4,0,NA,NA,NA,NA,NA
4/6/2001,,,,,NA,NA,NA,,,,,,,,,,,,,,,,NA,NA,NA,NA,NA,NA,NA
4/13/2001,,,,,NA,NA,NA,,,,,,,,,,,,,,,,NA,NA,NA,NA,NA,NA,NA
4/20/2001,,,,,NA,NA,NA,,,,,,,,,,,,,,,,NA,NA,NA,NA,NA,NA,NA
4/27/2001,,,,,NA,NA,NA,,,,,,,,,,,,,,,,NA,NA,NA,NA,NA,NA,NA
5/4/2001,,,,,NA,NA,NA,,,,,,,,,,,,,,,,NA,NA,NA,NA,NA,NA,NA
5/11/2001,,,,,0,0,0,,,,,,,,,,,,,,,,0,0,3,NA,NA,NA,NA
5/18/2001,,,,,16,11,NA,,,,,,,,,,,,,,,,NA,NA,33,NA,NA,NA,NA
5/25/2001,,,,,42,28,0,,,,,,,,,,,,,,,,0,0,51,NA,NA,NA,NA
6/1/2001,,,,,43,31,NA,,,,,,,,,,,,,,,,NA,NA,37,NA,NA,NA,NA
6/8/2001,,,,,27,28,12,,,,,,,,,,,,,,,,18,5,61,NA,NA,NA,NA
6/15/2001,,,,,37,39,NA,,,,,,,,,,,,,,,,NA,NA,50,NA,NA,NA,NA
6/22/2001,,,,,26,20,58,,,,,,,,,,,,,,,,84,46,19,NA,NA,NA,NA
6/29/2001,,,,,16,14,NA,,,,,,,,,,,,,,,,NA,NA,11,NA,NA,NA,NA
7/6/2001,,,,,2,0,35,,,,,,,,,,,,,,,,88,26,0,NA,NA,NA,NA
7/13/2001,,,,,0,0,NA,,,,,,,,,,,,,,,,NA,NA,0,NA,NA,NA,NA
7/20/2001,,,,,1,2,39,,,,,,,,,,,,,,,,30,12,0,NA,NA,NA,NA
7/27/2001,,,,,0,6,NA,,,,,,,,,,,,,,,,NA,NA,1,NA,NA,NA,NA
8/3/2001,,,,,16,15,39,,,,,,,,,,,,,,,,34,11,11,NA,NA,NA,NA
8/10/2001,,,,,14,33,NA,,,,,,,,,,,,,,,,NA,NA,3,NA,NA,NA,NA
8/17/2001,,,,,12,14,45,,,,,,,,,,,,,,,,28,3,1,NA,NA,NA,NA
8/24/2001,,,,,26,22,NA,,,,,,,,,,,,,,,,NA,NA,6,NA,NA,NA,NA
8/31/2001,,,,,10,11,28,,,,,,,,,,,,,,,,14,1,9,NA,NA,NA,NA
9/7/2001,,,,,6,9,NA,,,,,,,,,,,,,,,,NA,NA,4,NA,NA,NA,NA
9/14/2001,,,,,8,2,3,,,,,,,,,,,,,,,,4,0,4,NA,NA,NA,NA
9/21/2001,,,,,2,1,NA,,,,,,,,,,,,,,,,NA,NA,2,NA,NA,NA,NA
9/28/2001,,,,,1,0,NA,,,,,,,,,,,,,,,,NA,NA,1,NA,NA,NA,NA
10/5/2001,,,,,NA,NA,NA,,,,,,,,,,,,,,,,NA,NA,NA,NA,NA,NA,NA
10/12/2001,,,,,NA,NA,NA,,,,,,,,,,,,,,,,,NA,NA,NA,NA,NA,NA
10/19/2001,,,,,NA,NA,NA,,,,,,,,,,,,,,,,,NA,NA,NA,NA,NA,NA
10/26/2001,,,,,NA,NA,NA,,,,,,,,,,,,,,,,,NA,NA,NA,NA,NA,NA
3/21/2002,,,,,NA,NA,NA,,,,,,,,,,,,,,,,,NA,NA,NA,NA,NA,NA
3/28/2002,,,,,NA,NA,NA,,,,,,,,,,,,,,,,,NA,NA,NA,NA,NA,NA
4/4/2002,,,,,NA,NA,NA,,,,,,,,,,,,,,,,,NA,NA,NA,NA,NA,NA
4/11/2002,,,,,NA,NA,NA,,,,,,,,,,,,,,,,,NA,NA,NA,NA,NA,NA
4/18/2002,,,,,NA,NA,NA,,,,,,,,,,,,,,,,,NA,NA,NA,NA,NA,NA
4/25/2002,,,,,0,0,NA,,,,,,,,,,,,,,,,0,NA,NA,0,0,NA,NA
5/2/2002,,,,,0,0,NA,,,,,,,,,,,,,,,,0,NA,NA,0,0,NA,NA
5/9/2002,,,,,2,1,NA,,,,,,,,,,,,,,,,3,NA,NA,1,6,NA,NA
5/16/2002,,,,,2,4,NA,,,,,,,,,,,,,,,,5,NA,NA,1,1,NA,NA
5/23/2002,,,,,5,7,NA,,,,,,,,,,,,,,,,3,NA,NA,3,10,NA,NA
5/30/2002,,,,,26,17,NA,,,,,,,,,,,,,,,,22,NA,NA,12,19,NA,NA
6/6/2002,,,,,20,12,NA,,,,,,,,,,,,,,,,37,NA,NA,24,56,NA,NA
6/13/2002,,,,,24,32,NA,,,,,,,,,,,,,,,,14,NA,NA,7,27,NA,NA
6/20/2002,,,,,21,34,NA,,,,,,,,,,,,,,,,10,NA,NA,9,42,NA,NA
6/27/2002,,,,,10,13,NA,,,,,,,,,,,,,,,,3,NA,NA,2,14,NA,NA
7/3/2002,,,,,5,8,NA,,,,,,,,,,,,,,,,2,NA,NA,1,3,NA,NA
7/11/2002,,,,,0,1,NA,,,,,,,,,,,,,,,,0,NA,NA,0,0,NA,NA
7/18/2002,,,,,0,2,NA,,,,,,,,,,,,,,,,1,NA,NA,1,1,NA,NA
7/25/2002,,,,,12,6,NA,,,,,,,,,,,,,,,,0,NA,NA,2,17,NA,NA
8/1/2002,,,,,24,22,NA,,,,,,,,,,,,,,,,5,NA,NA,3,11,NA,NA
8/8/2002,,,,,11,11,NA,,,,,,,,,,,,,,,,14,NA,NA,0,17,NA,NA
8/15/2002,,,,,26,17,NA,,,,,,,,,,,,,,,,15,NA,NA,9,22,NA,NA
8/22/2002,,,,,34,27,NA,,,,,,,,,,,,,,,,26,NA,NA,13,41,NA,NA
8/29/2002,,,,,23,18,NA,,,,,,,,,,,,,,,,28,NA,NA,5,65,NA,NA
9/5/2002,,,,,26,17,NA,,,,,,,,,,,,,,,,15,NA,NA,1,41,NA,NA
9/12/2002,,,,,8,8,NA,,,,,,,,,,,,,,,,6,NA,NA,1,27,NA,NA
9/19/2002,,,,,10,5,NA,,,,,,,,,,,,,,,,2,NA,NA,2,11,NA,NA
9/26/2002,,,,,17,14,NA,,,,,,,,,,,,,,,,4,NA,NA,0,15,NA,NA
10/3/2002,,,,,2,6,NA,,,,,,,,,,,,,,,,1,NA,NA,0,9,NA,NA
10/10/2002,,,,,NA,NA,NA,,,,,,,,,,,,,,,,0,NA,NA,NA,NA,NA,NA
10/17/2002,,,,,NA,NA,NA,,,,,,,,,,,,,,,,0,NA,NA,NA,NA,NA,NA
4/10/2003,,,,,NA,NA,NA,,,,,,,,,,,,,,,,NA,NA,NA,NA,NA,NA,NA
4/17/2003,,,,,NA,NA,NA,,,,,,,,,,,,,,,,NA,NA,NA,NA,NA,NA,NA
4/24/2003,,,,,NA,NA,NA,,,,,,,,,,,,,,,,NA,NA,NA,NA,NA,NA,NA
5/1/2003,,,,,NA,NA,NA,,,,,,,,,,,,,,,,NA,NA,NA,NA,NA,NA,NA
5/8/2003,,,,,NA,NA,NA,,,,,,,,,,,,,,,,NA,NA,NA,NA,NA,NA,NA
5/15/2003,,,,,0,0,NA,,,,,,,,,,,,,,,,NA,NA,NA,0,0,NA,NA
5/22/2003,,,,,2,0,NA,,,,,,,,,,,,,,,,0,NA,NA,0,10,NA,NA
5/29/2003,,,,,3,2,NA,,,,,,,,,,,,,,,,6,NA,NA,5,9,NA,NA
6/5/2003,,,,,6,7,NA,,,,,,,,,,,,,,,,18,NA,NA,4,10,NA,NA
6/12/2003,,,,,14,19,NA,,,,,,,,,,,,,,,,22,NA,NA,10,30,NA,NA
6/19/2003,,,,,26,22,NA,,,,,,,,,,,,,,,,31,NA,NA,19,56,NA,NA
6/26/2003,,,,,27,40,NA,,,,,,,,,,,,,,,,42,NA,NA,14,63,NA,NA
7/3/2003,,,,,28,14,NA,,,,,,,,,,,,,,,,27,NA,NA,7,52,NA,NA
7/10/2003,,,,,5,10,NA,,,,,,,,,,,,,,,,9,NA,NA,1,8,NA,NA
7/17/2003,,,,,0,2,NA,,,,,,,,,,,,,,,,2,NA,NA,0,3,NA,NA
7/24/2003,,,,,0,0,NA,,,,,,,,,,,,,,,,0,NA,NA,1,0,NA,NA
7/31/2003,,,,,3,1,NA,,,,,,,,,,,,,,,,2,NA,NA,0,3,NA,NA
8/7/2003,,,,,1,1,NA,,,,,,,,,,,,,,,,5,NA,NA,5,3,NA,NA
8/14/2003,,,,,7,3,NA,,,,,,,,,,,,,,,,10,NA,NA,4,8,NA,NA
8/21/2003,,,,,19,15,NA,,,,,,,,,,,,,,,,7,NA,NA,10,19,NA,NA
8/28/2003,,,,,39,28,NA,,,,,,,,,,,,,,,,11,NA,NA,22,18,NA,NA
9/4/2003,,,,,17,23,NA,,,,,,,,,,,,,,,,26,NA,NA,13,9,NA,NA
9/11/2003,,,,,5,2,NA,,,,,,,,,,,,,,,,23,NA,NA,0,21,NA,NA
9/18/2003,,,,,15,0,NA,,,,,,,,,,,,,,,,8,NA,NA,0,9,NA,NA
9/25/2003,,,,,1,2,NA,,,,,,,,,,,,,,,,7,NA,NA,0,1,NA,NA
10/2/2003,,,,,0,0,NA,,,,,,,,,,,,,,,,0,NA,NA,0,0,NA,NA
10/9/2003,,,,,NA,NA,NA,,,,,,,,,,,,,,,,0,NA,NA,NA,NA,NA,NA
10/16/2003,,,,,NA,NA,NA,,,,,,,,,,,,,,,,NA,NA,NA,NA,NA,NA,NA
10/23/2003,,,,,NA,NA,NA,,,,,,,,,,,,,,,,NA,NA,NA,NA,NA,NA,NA
10/30/2003,,,,,NA,NA,NA,,,,,,,,,,,,,,,,,NA,NA,NA,NA,NA,NA
4/1/2004,,,,,NA,NA,NA,,,,,,,,,,,,,,,,,NA,NA,NA,NA,NA,NA
4/8/2004,,,,,NA,NA,NA,,,,,,,,,,,,,,,,,NA,NA,NA,NA,NA,NA
4/15/2004,,,,,NA,NA,NA,,,,,,,,,,,,,,,,,NA,NA,NA,NA,NA,NA
4/22/2004,,,,,NA,NA,NA,,,,,,,,,,,,,,,,,NA,NA,NA,NA,NA,NA
4/29/2004,,,,,NA,NA,NA,,,,,,,,,,,,,,,,,NA,NA,NA,NA,NA,NA
5/6/2004,,,,,0,0,NA,,,,,,,,,,,,,,,,0,NA,NA,0,0,NA,NA
5/13/2004,,,,,7,6,NA,,,,,,,,,,,,,,,,14,NA,NA,7,21,NA,NA
5/20/2004,,,,,44,37,NA,,,,,,,,,,,,,,,,43,NA,NA,28,60,NA,NA
5/27/2004,,,,,18,22,NA,,,,,,,,,,,,,,,,38,NA,NA,31,16,NA,NA
6/3/2004,,,,,35,52,NA,,,,,,,,,,,,,,,,49,NA,NA,33,70,NA,NA
6/10/2004,,,,,9,14,NA,,,,,,,,,,,,,,,,15,NA,NA,3,17,NA,NA
6/17/2004,,,,,11,17,NA,,,,,,,,,,,,,,,,6,NA,NA,8,13,NA,NA
6/24/2004,,,,,3,8,NA,,,,,,,,,,,,,,,,2,NA,NA,2,6,NA,NA
7/1/2004,,,,,0,3,NA,,,,,,,,,,,,,,,,0,NA,NA,0,2,NA,NA
7/8/2004,,,,,0,0,NA,,,,,,,,,,,,,,,,1,NA,NA,1,0,NA,NA
7/15/2004,,,,,7,10,NA,,,,,,,,,,,,,,,,6,NA,NA,6,5,NA,NA
7/22/2004,,,,,11,13,NA,,,,,,,,,,,,,,,,14,NA,NA,6,3,NA,NA
7/29/2004,,,,,24,24,NA,,,,,,,,,,,,,,,,22,NA,NA,6,6,NA,NA
8/5/2004,,,,,31,24,NA,,,,,,,,,,,,,,,,11,NA,NA,4,11,NA,NA
8/12/2004,,,,,16,15,NA,,,,,,,,,,,,,,,,7,NA,NA,4,25,NA,NA
8/19/2004,,,,,27,56,NA,,,,,,,,,,,,,,,,8,NA,NA,9,14,NA,NA
8/26/2004,,,,,38,20,NA,,,,,,,,,,,,,,,,9,NA,NA,5,18,NA,NA
9/2/2004,,,,,11,25,NA,,,,,,,,,,,,,,,,13,NA,NA,4,14,NA,NA
9/9/2004,,,,,11,13,NA,,,,,,,,,,,,,,,,8,NA,NA,7,14,NA,NA
9/16/2004,,,,,5,7,NA,,,,,,,,,,,,,,,,3,NA,NA,5,7,NA,NA
9/23/2004,,,,,2,2,NA,,,,,,,,,,,,,,,,1,NA,NA,2,1,NA,NA
9/30/2004,,,,,1,3,NA,,,,,,,,,,,,,,,,3,NA,NA,1,2,NA,NA
10/7/2004,,,,,NA,NA,NA,,,,,,,,,,,,,,,,,NA,NA,NA,NA,NA,NA
10/14/2004,,,,,NA,NA,NA,,,,,,,,,,,,,,,,,NA,NA,NA,NA,NA,NA
10/21/2004,,,,,NA,NA,NA,,,,,,,,,,,,,,,,,NA,NA,NA,NA,NA,NA
3/31/2005,,,,,NA,NA,NA,,,,,,,,,,,,,,,,,NA,NA,NA,NA,NA,NA
4/7/2005,,,,,NA,NA,NA,,,,,,,,,,,,,,,,,NA,NA,NA,NA,NA,NA
4/14/2005,,,,,NA,NA,NA,,,,,,,,,,,,,,,,,NA,NA,NA,NA,NA,NA
4/21/2005,,,,,NA,NA,NA,,,,,,,,,,,,,,,,,NA,NA,NA,NA,NA,NA
4/28/2005,,,,,NA,NA,NA,,,,,,,,,,,,,,,,,NA,NA,NA,NA,NA,NA
5/5/2005,,,,,NA,NA,NA,,,,,,,,,,,,,,,,,NA,NA,NA,NA,NA,NA
5/12/2005,,,,,0,0,NA,,,,,,,,,,,,,,,,1,NA,NA,0,6,NA,NA
5/19/2005,,,,,11,5,NA,,,,,,,,,,,,,,,,20,NA,NA,5,47,NA,NA
5/26/2005,,,,,7,24,NA,,,,,,,,,,,,,,,,28,NA,NA,31,32,NA,NA
6/2/2005,,,,,31,32,NA,,,,,,,,,,,,,,,,62,NA,NA,55,57,NA,NA
6/9/2005,,,,,16,8,NA,,,,,,,,,,,,,,,,25,NA,NA,13,56,NA,NA
6/16/2005,,,,,45,48,NA,,,,,,,,,,,,,,,,37,NA,NA,19,84,NA,NA
6/23/2005,,,,,39,30,NA,,,,,,,,,,,,,,,,34,NA,NA,27,117,NA,NA
6/30/2005,,,,,5,11,NA,,,,,,,,,,,,,,,,16,NA,NA,2,44,NA,NA
7/7/2005,,,,,4,2,NA,,,,,,,,,,,,,,,,4,NA,NA,2,7,NA,NA
7/14/2005,,,,,4,2,NA,,,,,,,,,,,,,,,,0,NA,NA,0,6,NA,NA
7/21/2005,,,,,0,1,NA,,,,,,,,,,,,,,,,4,NA,NA,0,8,NA,NA
7/28/2005,,,,,11,6,NA,,,,,,,,,,,,,,,,7,NA,NA,4,15,NA,NA
8/4/2005,,,,,26,14,NA,,,,,,,,,,,,,,,,9,NA,NA,0,20,NA,NA
8/11/2005,,,,,13,17,NA,,,,,,,,,,,,,,,,20,NA,NA,6,9,NA,NA
8/18/2005,,,,,26,14,NA,,,,,,,,,,,,,,,,27,NA,NA,11,42,NA,NA
8/25/2005,,,,,54,,NA,,,,,,,,,,,,,,,,73,NA,NA,19,92,NA,NA
9/1/2005,,,,,34,16,NA,,,,,,,,,,,,,,,,23,NA,NA,7,46,NA,NA
9/8/2005,,,,,33,11,NA,,,,,,,,,,,,,,,,11,NA,NA,5,41,NA,NA
9/15/2005,,,,,13,3,NA,,,,,,,,,,,,,,,,3,NA,NA,1,13,NA,NA
9/22/2005,,,,,2,3,NA,,,,,,,,,,,,,,,,2,NA,NA,0,2,NA,NA
9/29/2005,,,,,0,0,NA,,,,,,,,,,,,,,,,0,NA,NA,0,0,NA,NA
10/6/2005,,,,,NA,NA,NA,,,,,,,,,,,,,,,,NA,NA,NA,NA,NA,NA,NA
10/13/2005,,,,,NA,NA,NA,,,,,,,,,,,,,,,,NA,NA,NA,NA,NA,NA,NA
10/20/2005,,,,,NA,NA,NA,,,,,,,,,,,,,,,,NA,NA,NA,NA,NA,NA,NA
3/30/2006,,,,,NA,NA,NA,,,,,,,,,,,,,,,,,NA,NA,NA,NA,NA,NA
4/6/2006,,,,,NA,NA,NA,,,,,,,,,,,,,,,,,NA,NA,NA,NA,NA,NA
4/13/2006,,,,,NA,NA,NA,,,,,,,,,,,,,,,,,NA,NA,NA,NA,NA,NA
4/20/2006,,,,,NA,NA,NA,,,,,,,,,,,,,,,,,NA,NA,NA,NA,NA,NA
4/27/2006,,,,,NA,NA,NA,,,,,,,,,,,,,,,,,NA,NA,NA,NA,NA,NA
5/4/2006,,,,,19,10,NA,,,,,,,,,,,,,,,,10,NA,NA,6,42,NA,NA
5/11/2006,,,,,58,NA,NA,,,,,,,,,,,,,,,,23,NA,NA,16,120,NA,NA
5/18/2006,,,,,27,15,NA,,,,,,,,,,,,,,,,21,NA,NA,25,58,NA,NA
5/25/2006,,,,,25,28,NA,,,,,,,,,,,,,,,,38,NA,NA,16,56,NA,NA
6/1/2006,,,,,49,57,NA,,,,,,,,,,,,,,,,31,NA,NA,18,64,NA,NA
6/8/2006,,,,,52,76,NA,,,,,,,,,,,,,,,,41,NA,NA,42,96,NA,NA
6/15/2006,,,,,42,59,NA,,,,,,,,,,,,,,,,42,NA,NA,24,81,NA,NA
6/22/2006,,,,,12,30,NA,,,,,,,,,,,,,,,,11,NA,NA,3,56,NA,NA
6/29/2006,,,,,10,6,NA,,,,,,,,,,,,,,,,4,NA,NA,1,8,NA,NA
7/6/2006,,,,,6,7,NA,,,,,,,,,,,,,,,,3,NA,NA,0,9,NA,NA
7/13/2006,,,,,0,0,NA,,,,,,,,,,,,,,,,0,NA,NA,1,4,NA,NA
7/20/2006,,,,,7,1,NA,,,,,,,,,,,,,,,,11,NA,NA,5,14,NA,NA
7/27/2006,,,,,6,0,NA,,,,,,,,,,,,,,,,5,NA,NA,1,11,NA,NA
8/3/2006,,,,,17,14,NA,,,,,,,,,,,,,,,,14,NA,NA,18,26,NA,NA
8/10/2006,,,,,37,31,NA,,,,,,,,,,,,,,,,20,NA,NA,19,39,NA,NA
8/17/2006,,,,,17,29,NA,,,,,,,,,,,,,,,,12,NA,NA,4,31,NA,NA
8/24/2006,,,,,16,28,NA,,,,,,,,,,,,,,,,13,NA,NA,4,29,NA,NA
8/31/2006,,,,,19,6,NA,,,,,,,,,,,,,,,,6,NA,NA,2,16,NA,NA
9/7/2006,,,,,5,8,NA,,,,,,,,,,,,,,,,5,NA,NA,4,13,NA,NA
9/14/2006,,,,,11,NA,NA,,,,,,,,,,,,,,,,4,NA,NA,3,11,NA,NA
9/21/2006,,,,,4,2,NA,,,,,,,,,,,,,,,,3,NA,NA,2,5,NA,NA
9/28/2006,,,,,3,0,NA,,,,,,,,,,,,,,,,6,NA,NA,0,6,NA,NA
10/5/2006,,,,,2,5,NA,,,,,,,,,,,,,,,,5,NA,NA,0,5,NA,NA
10/12/2006,,,,,NA,NA,NA,,,,,,,,,,,,,,,,NA,NA,NA,NA,NA,NA,NA
10/19/2006,,,,,NA,NA,NA,,,,,,,,,,,,,,,,,NA,NA,NA,NA,NA,NA
10/26/2006,,,,,NA,NA,NA,,,,,,,,,,,,,,,,,NA,NA,NA,NA,NA,NA
11/2/2006,,,,,NA,NA,NA,,,,,,,,,,,,,,,,,NA,NA,NA,NA,NA,NA
3/22/2007,,,,,NA,NA,NA,,,,,,,,,,,,,,,,,NA,NA,NA,NA,NA,NA
3/29/2007,,,,,NA,NA,NA,,,,,,,,,,,,,,,,,NA,NA,NA,NA,NA,NA
4/5/2007,,,,,NA,NA,NA,,,,,,,,,,,,,,,,,NA,NA,NA,NA,NA,NA
4/12/2007,,,,,NA,NA,NA,,,,,,,,,,,,,,,,,NA,NA,NA,NA,NA,NA
4/19/2007,,,,,NA,NA,NA,,,,,,,,,,,,,,,,,NA,NA,NA,NA,NA,NA
4/26/2007,,,,,NA,NA,NA,,,,,,,,,,,,,,,,,NA,NA,NA,NA,NA,NA
5/3/2007,,,,,NA,NA,NA,,,,,,,,,,,,,,,,,NA,NA,NA,NA,NA,NA
5/10/2007,,,,,0,0,NA,,,,,,,,,,,,,,,,3,NA,NA,0,2,NA,NA
5/17/2007,,,,,2,2,NA,,,,,,,,,,,,,,,,40,NA,NA,12,39,NA,NA
5/24/2007,,,,,15,17,NA,,,,,,,,,,,,,,,,33,NA,NA,32,31,NA,NA
5/31/2007,,,,,25,17,NA,,,,,,,,,,,,,,,,13,NA,NA,13,13,NA,NA
6/7/2007,,,,,40,33,NA,,,,,,,,,,,,,,,,11,NA,NA,12,24,NA,NA
6/14/2007,,,,,29,23,NA,,,,,,,,,,,,,,,,8,NA,NA,8,16,NA,NA
6/21/2007,,,,,31,18,NA,,,,,,,,,,,,,,,,8,NA,NA,2,28,NA,NA
6/28/2007,,,,,14,13,NA,,,,,,,,,,,,,,,,4,NA,NA,0,9,NA,NA
7/5/2007,,,,,8,5,NA,,,,,,,,,,,,,,,,0,NA,NA,0,1,NA,NA
7/12/2007,,,,,1,1,NA,,,,,,,,,,,,,,,,0,NA,NA,0,0,NA,NA
7/19/2007,,,,,7,1,NA,,,,,,,,,,,,,,,,4,NA,NA,0,7,NA,NA
7/26/2007,,,,,5,7,NA,,,,,,,,,,,,,,,,8,NA,NA,1,2,NA,NA
8/2/2007,,,,,15,4,NA,,,,,,,,,,,,,,,,10,NA,NA,5,5,NA,NA
8/9/2007,,,,,14,6,NA,,,,,,,,,,,,,,,,19,NA,NA,7,3,NA,NA
8/16/2007,,,,,25,5,NA,,,,,,,,,,,,,,,,15,NA,NA,9,4,NA,NA
8/23/2007,,,,,14,18,NA,,,,,,,,,,,,,,,,13,NA,NA,11,2,NA,NA
8/30/2007,,,,,13,0,NA,,,,,,,,,,,,,,,,9,NA,NA,2,3,NA,NA
9/6/2007,,,,,2,8,NA,,,,,,,,,,,,,,,,6,NA,NA,3,1,NA,NA
9/13/2007,,,,,3,4,NA,,,,,,,,,,,,,,,,1,NA,NA,1,5,NA,NA
9/20/2007,,,,,4,1,NA,,,,,,,,,,,,,,,,1,NA,NA,0,0,NA,NA
9/27/2007,,,,,0,1,NA,,,,,,,,,,,,,,,,2,NA,NA,0,0,NA,NA
10/4/2007,,,,,NA,NA,NA,,,,,,,,,,,,,,,,NA,NA,NA,NA,NA,NA,NA
10/11/2007,,,,,NA,NA,NA,,,,,,,,,,,,,,,,NA,NA,NA,NA,NA,NA,NA
10/18/2007,,,,,NA,NA,NA,,,,,,,,,,,,,,,,NA,NA,NA,NA,NA,NA,NA
10/25/2007,,,,,NA,NA,NA,,,,,,,,,,,,,,,,NA,NA,NA,NA,NA,NA,NA
3/27/2008,,,,,NA,NA,NA,,,,,,,,,,,,,,,,NA,NA,NA,NA,NA,NA,NA
3/31/2008,,,,,NA,NA,NA,,,,,,,,,,,,,,,,NA,NA,NA,NA,NA,NA,NA
4/3/2008,,,,,NA,NA,NA,,,,,,,,,,,,,,,,NA,NA,NA,NA,NA,NA,NA
4/10/2008,,,,,NA,NA,NA,,,,,,,,,,,,,,,,NA,NA,NA,NA,NA,NA,NA
4/17/2008,,,,,NA,NA,NA,,,,,,,,,,,,,,,,NA,NA,NA,NA,NA,NA,NA
4/24/2008,,,,,NA,NA,NA,,,,,,,,,,,,,,,,NA,NA,NA,NA,NA,NA,NA
5/1/2008,,,,,NA,NA,NA,,,,,,,,,,,,,,,,NA,NA,NA,NA,NA,NA,NA
5/8/2008,,,,,0,0,NA,,,,,,,,,,,,,,,,NA,NA,3,2,0,NA,NA
5/15/2008,,,,,1,0,NA,,,,,,,,,,,,,,,,NA,NA,7,8,4,NA,NA
5/22/2008,,,,,0,0,NA,,,,,,,,,,,,,,,,NA,NA,7,10,1,NA,NA
5/29/2008,,,,,9,3,NA,,,,,,,,,,,,,,,,NA,NA,47,27,10,NA,NA
6/5/2008,,,,,21,11,NA,,,,,,,,,,,,,,,,NA,NA,45,28,17,NA,NA
6/12/2008,,,,,20,22,NA,,,,,,,,,,,,,,,,NA,NA,28,12,29,NA,NA
6/19/2008,,,,,19,15,NA,,,,,,,,,,,,,,,,NA,NA,16,3,16,NA,NA
6/26/2008,,,,,22,8,NA,,,,,,,,,,,,,,,,NA,NA,2,2,7,NA,NA
7/3/2008,,,,,4,3,NA,,,,,,,,,,,,,,,,NA,NA,0,0,0,NA,NA
7/10/2008,,,,,0,0,NA,,,,,,,,,,,,,,,,NA,NA,0,0,0,NA,NA
7/17/2008,,,,,0,0,NA,,,,,,,,,,,,,,,,NA,NA,0,0,0,NA,NA
7/24/2008,,,,,1,0,NA,,,,,,,,,,,,,,,,NA,NA,13,2,0,NA,NA
7/31/2008,,,,,2,2,NA,,,,,,,,,,,,,,,,NA,NA,10,4,0,NA,NA
8/7/2008,,,,,0,1,NA,,,,,,,,,,,,,,,,NA,NA,24,7,1,NA,NA
8/14/2008,,,,,5,3,NA,,,,,,,,,,,,,,,,NA,NA,17,12,6,NA,NA
8/21/2008,,,,,5,9,NA,,,,,,,,,,,,,,,,NA,NA,18,7,5,NA,NA
8/28/2008,,,,,6,6,NA,,,,,,,,,,,,,,,,NA,NA,9,3,3,NA,NA
9/4/2008,,,,,10,4,NA,,,,,,,,,,,,,,,,NA,NA,1,5,1,NA,NA
9/11/2008,,,,,9,10,NA,,,,,,,,,,,,,,,,NA,NA,6,0,4,NA,NA
9/18/2008,,,,,8,2,NA,,,,,,,,,,,,,,,,NA,NA,1,1,1,NA,NA
9/25/2008,,,,,2,0,NA,,,,,,,,,,,,,,,,NA,NA,4,1,2,NA,NA
10/2/2008,,,,,,NA,NA,,,,,,,,,,,,,,,,NA,NA,NA,NA,NA,NA,NA
10/9/2008,,,,,,NA,NA,,,,,,,,,,,,,,,,NA,NA,NA,NA,NA,NA,NA
4/2/2009,,,,,,NA,NA,,,,,,,,,,,,,,,,NA,NA,NA,NA,NA,NA,NA
4/9/2009,,,,,,NA,NA,,,,,,,,,,,,,,,,NA,NA,NA,NA,NA,NA,NA
4/16/2009,,,,,,NA,NA,,,,,,,,,,,,,,,,NA,NA,NA,NA,NA,NA,NA
4/23/2009,,,,,,NA,NA,,,,,,,,,,,,,,,,NA,NA,NA,NA,NA,NA,NA
4/30/2009,,,,,,NA,NA,,,,,,,,,,,,,,,,NA,NA,NA,NA,NA,NA,NA
5/7/2009,,,,,0,0,NA,,,,,,,,,,,,,,,,NA,NA,0,0,0,NA,NA
5/14/2009,,,,,0,0,NA,,,,,,,,,,,,,,,,NA,NA,2,0,0,NA,NA
5/21/2009,,,,,6,3,NA,,,,,,,,,,,,,,,,NA,NA,16,5,5,NA,NA
5/28/2009,,,,,10,7,NA,,,,,,,,,,,,,,,,NA,NA,19,10,13,NA,NA
6/4/2009,,,,,15,8,NA,,,,,,,,,,,,,,,,NA,NA,32,13,18,NA,NA
6/11/2009,,,,,19,12,NA,,,,,,,,,,,,,,,,NA,NA,15,16,28,NA,NA
6/18/2009,,,,,21,19,NA,,,,,,,,,,,,,,,,NA,NA,17,6,31,NA,NA
6/25/2009,,,,,25,15,NA,,,,,,,,,,,,,,,,NA,NA,4,4,12,NA,NA
7/2/2009,,,,,9,3,NA,,,,,,,,,,,,,,,,NA,NA,1,0,10,NA,NA
7/9/2009,,,,,0,0,NA,,,,,,,,,,,,,,,,NA,NA,0,0,0,NA,NA
7/16/2009,,,,,1,1,NA,,,,,,,,,,,,,,,,NA,NA,1,0,0,NA,NA
7/23/2009,,,,,3,1,NA,,,,,,,,,,,,,,,,NA,NA,3,1,3,NA,NA
7/30/2009,,,,,0,1,NA,,,,,,,,,,,,,,,,NA,NA,2,2,2,NA,NA
8/6/2009,,,,,0,0,NA,,,,,,,,,,,,,,,,NA,NA,5,2,4,NA,NA
8/13/2009,,,,,8,7,NA,,,,,,,,,,,,,,,,NA,NA,24,15,10,NA,NA
8/20/2009,,,,,7,10,NA,,,,,,,,,,,,,,,,NA,NA,4,2,7,NA,NA
8/27/2009,,,,,15,12,NA,,,,,,,,,,,,,,,,NA,NA,8,2,11,NA,NA
9/3/2009,,,,,11,10,NA,,,,,,,,,,,,,,,,NA,NA,9,3,15,NA,NA
9/10/2009,,,,,17,7,NA,,,,,,,,,,,,,,,,NA,NA,4,0,5,NA,NA
9/17/2009,,,,,8,5,NA,,,,,,,,,,,,,,,,NA,NA,3,0,2,NA,NA
9/24/2009,,,,,1,1,NA,,,,,,,,,,,,,,,,NA,NA,1,0,3,NA,NA
10/1/2009,,,,,1,1,NA,,,,,,,,,,,,,,,,NA,NA,2,,3,NA,NA
10/8/2009,,,,,NA,NA,NA,,,,,,,,,,,,,,,,NA,NA,NA,NA,NA,NA,NA
10/15/2009,,,,,NA,NA,NA,,,,,,,,,,,,,,,,NA,NA,NA,NA,NA,NA,NA
10/22/2009,,,,,NA,NA,NA,,,,,,,,,,,,,,,,NA,NA,NA,NA,NA,NA,NA
3/25/2010,,,,,NA,NA,NA,,,,,,,,,,,,,,,,NA,NA,NA,NA,NA,NA,NA
4/1/2010,,,,,NA,NA,NA,,,,,,,,,,,,,,,,NA,NA,NA,NA,NA,NA,NA
4/8/2010,,,,,NA,NA,NA,,,,,,,,,,,,,,,,NA,NA,NA,NA,NA,NA,NA
4/15/2010,,,,,NA,NA,NA,,,,,,,,,,,,,,,,NA,NA,NA,NA,NA,NA,NA
4/22/2010,,,,,0,0,NA,,,,,,,,,,,,,,,,NA,NA,,0,0,0,NA
4/29/2010,,,,,0,0,NA,,,,,,,,,,,,,,,,NA,NA,,0,0,0,NA
5/6/2010,,,,,9,6,NA,,,,,,,,,,,,,,,,NA,NA,,7,27,20,NA
5/13/2010,,,,,6,6,NA,,,,,,,,,,,,,,,,NA,NA,,22,12,13,NA
5/20/2010,,,,,12,11,NA,,,,,,,,,,,,,,,,NA,NA,,23,19,17,NA
5/27/2010,,,,,30,11,NA,,,,,,,,,,,,,,,,NA,NA,,21,59,18,NA
6/3/2010,,,,,26,29,NA,,,,,,,,,,,,,,,,NA,NA,,20,41,20,NA
6/10/2010,,,,,31,15,NA,,,,,,,,,,,,,,,,NA,NA,,12,33,6,NA
6/17/2010,,,,,22,14,NA,,,,,,,,,,,,,,,,NA,NA,,2,15,1,NA
6/24/2010,,,,,12,7,NA,,,,,,,,,,,,,,,,NA,NA,,0,3,1,NA
7/1/2010,,,,,3,1,NA,,,,,,,,,,,,,,,,NA,NA,,0,1,0,NA
7/8/2010,,,,,1,0,NA,,,,,,,,,,,,,,,,NA,NA,,2,1,0,NA
7/15/2010,,,,,4,2,NA,,,,,,,,,,,,,,,,NA,NA,,2,3,3,NA
7/22/2010,,,,,9,7,NA,,,,,,,,,,,,,,,,NA,NA,,14,4,3,NA
7/29/2010,,,,,14,7,NA,,,,,,,,,,,,,,,,NA,NA,,10,6,12,NA
8/5/2010,,,,,8,6,NA,,,,,,,,,,,,,,,,NA,NA,,9,12,7,NA
8/12/2010,,,,,3,6,NA,,,,,,,,,,,,,,,,NA,NA,,18,7,11,NA
8/19/2010,,,,,15,9,NA,,,,,,,,,,,,,,,,NA,NA,,6,20,7,NA
8/26/2010,,,,,5,2,NA,,,,,,,,,,,,,,,,NA,NA,,0,5,4,NA
9/2/2010,,,,,1,0,NA,,,,,,,,,,,,,,,,NA,NA,,1,1,0,NA
9/9/2010,,,,,1,1,NA,,,,,,,,,,,,,,,,NA,NA,,2,4,4,NA
9/16/2010,,,,,2,0,NA,,,,,,,,,,,,,,,,NA,NA,,6,7,2,NA
9/23/2010,,,,,0,0,NA,,,,,,,,,,,,,,,,NA,NA,,1,1,2,NA
9/30/2010,,,,,0,1,NA,,,,,,,,,,,,,,,,NA,NA,,1,0,2,NA
10/7/2010,,,,,,NA,NA,,,,,,,,,,,,,,,,NA,NA,NA,NA,NA,NA,NA
10/14/2010,,,,,,NA,NA,,,,,,,,,,,,,,,,NA,NA,NA,NA,NA,NA,NA
10/21/2010,,,,,,NA,NA,,,,,,,,,,,,,,,,NA,NA,NA,NA,NA,NA,NA
3/31/2011,,,,,,NA,NA,,,,,,,,,,,,,,,,NA,NA,NA,NA,NA,NA,NA
4/7/2011,,,,,,NA,NA,,,,,,,,,,,,,,,,NA,NA,NA,NA,NA,NA,NA
4/14/2011,,,,,,NA,NA,,,,,,,,,,,,,,,,NA,NA,NA,NA,NA,NA,NA
4/21/2011,,,,,,NA,NA,,,,,,,,,,,,,,,,NA,NA,NA,NA,NA,NA,NA
4/28/2011,,,,,,NA,NA,,,,,,,,,,,,,,,,NA,NA,NA,NA,NA,NA,NA
5/5/2011,,,,,0,0,NA,,,,,,,,,,,,,,,,NA,NA,,0,0,0,NA
5/12/2011,,,,,0,0,NA,,,,,,,,,,,,,,,,NA,NA,,0,1,7,NA
5/19/2011,,,,,3,2,NA,,,,,,,,,,,,,,,,NA,NA,,10,3,18,NA
5/26/2011,,,,,11,6,NA,,,,,,,,,,,,,,,,NA,NA,,17,7,19,NA
6/2/2011,,,,,16,10,NA,,,,,,,,,,,,,,,,NA,NA,,4,19,11,NA
6/9/2011,,,,,29,9,NA,,,,,,,,,,,,,,,,NA,NA,,4,24,11,NA
6/16/2011,,,,,12,17,NA,,,,,,,,,,,,,,,,NA,NA,,3,11,8,NA
6/23/2011,,,,,3,4,NA,,,,,,,,,,,,,,,,NA,NA,,1,0,0,NA
6/30/2011,,,,,1,2,NA,,,,,,,,,,,,,,,,NA,NA,,0,0,0,NA
7/7/2011,,,,,1,1,NA,,,,,,,,,,,,,,,,NA,NA,,0,2,1,NA
7/14/2011,,,,,0,1,NA,,,,,,,,,,,,,,,,NA,NA,,0,0,5,NA
7/21/2011,,,,,1,0,NA,,,,,,,,,,,,,,,,NA,NA,,3,0,4,NA
7/28/2011,,,,,1,1,NA,,,,,,,,,,,,,,,,NA,NA,,3,0,5,NA
8/4/2011,,,,,1,2,NA,,,,,,,,,,,,,,,,NA,NA,,0,1,8,NA
8/11/2011,,,,,5,2,NA,,,,,,,,,,,,,,,,NA,NA,,1,0,3,NA
8/18/2011,,,,,1,1,NA,,,,,,,,,,,,,,,,NA,NA,,0,1,3,NA
8/25/2011,,,,,3,4,NA,,,,,,,,,,,,,,,,NA,NA,,0,3,4,NA
9/1/2011,,,,,4,1,NA,,,,,,,,,,,,,,,,NA,NA,,2,12,2,NA
9/8/2011,,,,,6,3,NA,,,,,,,,,,,,,,,,NA,NA,,1,4,1,NA
9/15/2011,,,,,0,1,NA,,,,,,,,,,,,,,,,NA,NA,,0,0,0,NA
9/22/2011,,,,,0,1,NA,,,,,,,,,,,,,,,,NA,NA,,1,0,3,NA
9/29/2011,,,,,,NA,NA,,,,,,,,,,,,,,,,NA,NA,NA,NA,NA,NA,NA
10/6/2011,,,,,,NA,NA,,,,,,,,,,,,,,,,NA,NA,NA,NA,NA,NA,NA
10/13/2011,,,,,,NA,NA,,,,,,,,,,,,,,,,NA,NA,NA,NA,NA,NA,NA
10/20/2011,,,,,,NA,NA,,,,,,,,,,,,,,,,NA,NA,NA,NA,NA,NA,NA
10/27/2011,,,,,,NA,NA,,,,,,,,,,,,,,,,NA,NA,NA,NA,NA,NA,NA
3/15/2012,,,,,,NA,NA,,,,,,,,,,,,,,,,NA,NA,NA,NA,NA,NA,NA
3/22/2012,,,,,,NA,NA,,,,,,,,,,,,,,,,NA,NA,NA,NA,NA,NA,NA
3/29/2012,,,,,,NA,NA,,,,,,,,,,,,,,,,NA,NA,NA,NA,NA,NA,NA
4/5/2012,,,,,,NA,NA,,,,,,,,,,,,,,,,NA,NA,NA,NA,NA,NA,NA
4/12/2012,,,,,,NA,NA,,,,,,,,,,,,,,,,NA,NA,NA,NA,NA,NA,NA
4/19/2012,,,,,,NA,NA,,,,,,,,,,,,,,,,NA,NA,NA,NA,NA,NA,NA
4/26/2012,,,,,0,0,NA,,,,,,,,,,,,,,,,NA,NA,,0,0,,4
5/3/2012,,,,,1,1,NA,,,,,,,,,,,,,,,,NA,NA,,2,4,,12
5/10/2012,,,,,5,4,NA,,,,,,,,,,,,,,,,NA,NA,,3,11,,8
5/17/2012,,,,,5,9,NA,,,,,,,,,,,,,,,,NA,NA,,18,8,,13
5/24/2012,,,,,12,9,NA,,,,,,,,,,,,,,,,NA,NA,,2,15,,7
5/31/2012,,,,,20,18,NA,,,,,,,,,,,,,,,,NA,NA,,2,30,,13
6/7/2012,,,,,14,31,NA,,,,,,,,,,,,,,,,NA,NA,,0,23,,8
6/14/2012,,,,,11,8,NA,,,,,,,,,,,,,,,,NA,NA,,0,3,,4
6/21/2012,,,,,0,3,NA,,,,,,,,,,,,,,,,NA,NA,,0,0,,1
6/28/2012,,,,,1,1,NA,,,,,,,,,,,,,,,,NA,NA,,0,0,,7
7/5/2012,,,,,0,0,NA,,,,,,,,,,,,,,,,NA,NA,,0,0,,2
7/12/2012,,,,,0,0,NA,,,,,,,,,,,,,,,,NA,NA,,0,0,,1
7/19/2012,,,,,3,1,NA,,,,,,,,,,,,,,,,NA,NA,,1,1,,3
7/26/2012,,,,,2,1,NA,,,,,,,,,,,,,,,,NA,NA,,5,0,,8
8/2/2012,,,,,3,0,NA,,,,,,,,,,,,,,,,NA,NA,,1,1,,2
8/9/2012,,,,,2,2,NA,,,,,,,,,,,,,,,,NA,NA,,1,2,,0
8/16/2012,,,,,2,4,NA,,,,,,,,,,,,,,,,NA,NA,,0,4,,7
8/23/2012,,,,,1,1,NA,,,,,,,,,,,,,,,,NA,NA,,1,5,,2
8/30/2012,,,,,7,4,NA,,,,,,,,,,,,,,,,NA,NA,,0,7,,6
9/6/2012,,,,,0,1,NA,,,,,,,,,,,,,,,,NA,NA,,0,2,,4
9/13/2012,,,,,0,3,NA,,,,,,,,,,,,,,,,NA,NA,,1,2,,12
9/20/2012,,,,,,NA,NA,,,,,,,,,,,,,,,,NA,NA,NA,NA,NA,NA,3
9/27/2012,,,,,,NA,NA,,,,,,,,,,,,,,,,NA,NA,NA,NA,NA,NA,NA
10/4/2012,,,,,,NA,NA,,,,,,,,,,,,,,,,NA,NA,NA,NA,NA,NA,NA
10/11/2012,,,,,,NA,NA,,,,,,,,,,,,,,,,NA,NA,NA,NA,NA,NA,NA
4/4/2013,,,,,,NA,NA,,,,,,,,,,,,,,,,NA,NA,NA,NA,NA,NA,NA
4/11/2013,,,,,,NA,NA,,,,,,,,,,,,,,,,NA,NA,NA,NA,NA,NA,NA
4/18/2013,,,,,,NA,NA,,,,,,,,,,,,,,,,NA,NA,NA,NA,NA,NA,NA
4/25/2013,,,,,,NA,NA,,,,,,,,,,,,,,,,NA,NA,NA,NA,NA,NA,NA
5/2/2013,,,,,,NA,NA,,,,,,,,,,,,,,,,NA,NA,NA,NA,NA,NA,NA
5/9/2013,,,,,0,1,NA,,,,,,,,,,,,,,,,NA,NA,,0,0,,0
5/16/2013,,,,,2,0,NA,,,,,,,,,,,,,,,,NA,NA,,4,0,,14
5/23/2013,,,,,15,10,NA,,,,,,,,,,,,,,,,NA,NA,,18,0,,43
5/30/2013,,,,,13,11,NA,,,,,,,,,,,,,,,,NA,NA,,13,16,,54
6/6/2013,,,,,11,25,NA,,,,,,,,,,,,,,,,NA,NA,,7,35,,15
6/13/2013,,,,,29,33,NA,,,,,,,,,,,,,,,,NA,NA,,8,39,,8
6/20/2013,,,,,36,24,NA,,,,,,,,,,,,,,,,NA,NA,,5,23,,11
6/27/2013,,,,,9,19,NA,,,,,,,,,,,,,,,,NA,NA,,0,11,,3
7/3/2013,,,,,7,12,NA,,,,,,,,,,,,,,,,NA,NA,,0,1,,2
7/11/2013,,,,,0,3,NA,,,,,,,,,,,,,,,,NA,NA,,0,0,,2
7/18/2013,,,,,0,1,NA,,,,,,,,,,,,,,,,NA,NA,,0,0,,11
7/25/2013,,,,,2,0,NA,,,,,,,,,,,,,,,,NA,NA,,2,2,,9
8/1/2013,,,,,1,4,NA,,,,,,,,,,,,,,,,NA,NA,,3,1,,8
8/8/2013,,,,,1,5,NA,,,,,,,,,,,,,,,,NA,NA,,4,2,,11
8/15/2013,,,,,1,5,NA,,,,,,,,,,,,,,,,NA,NA,,1,2,,3
8/22/2013,,,,,2,4,NA,,,,,,,,,,,,,,,,NA,NA,,1,5,,1
8/29/2013,,,,,0,5,NA,,,,,,,,,,,,,,,,NA,NA,,0,6,,0
9/5/2013,,,,,2,1,NA,,,,,,,,,,,,,,,,NA,NA,,0,4,,2
9/12/2013,,,,,3,4,NA,,,,,,,,,,,,,,,,NA,NA,,0,5,,1
9/19/2013,,,,,0,0,NA,,,,,,,,,,,,,,,,NA,NA,,0,0,,1
9/26/2013,,,,,,NA,NA,,,,,,,,,,,,,,,,NA,NA,NA,NA,NA,NA,NA
10/3/2013,,,,,,NA,NA,,,,,,,,,,,,,,,,NA,NA,NA,NA,NA,NA,NA
10/10/2013,,,,,,NA,NA,,,,,,,,,,,,,,,,NA,NA,NA,NA,NA,NA,NA
10/17/2013,,,,,,NA,NA,,,,,,,,,,,,,,,,NA,NA,NA,NA,NA,NA,NA
4/3/2014,,,,,,,,,,,,,,,,,,,,,,,,,,,,,
4/10/2014,,,,,,,,,,,,,,,,,,,,,,,,,,,,,
4/17/2014,,,,,,,,,,,,,,,,,,,,,,,,,,,,,
4/24/2014,,,,,,,,,,,,,,,,,,,,,,,,,,,,,
5/1/2014,,,,,,,,,,,,,,,,,,,,,,,,,,,,,
5/8/2014,,,,,,,,,,,,,,,,,,,,,,,,,,,,,
5/15/2014,,,,,0,1,,,,,,,,,,,,,,,,,,,,5,3,,4
5/22/2014,,,,,1,0,,,,,,,,,,,,,,,,,,,,15,13,,13
5/29/2014,,,,,8,9,,,,,,,,,,,,,,,,,,,,13,12,,29
6/5/2014,,,,,16,10,,,,,,,,,,,,,,,,,,,,13,25,,18
6/12/2014,,,,,22,17,,,,,,,,,,,,,,,,,,,,8,36,,9
6/19/2014,,,,,16,18,,,,,,,,,,,,,,,,,,,,4,19,,3
6/26/2014,,,,,16,17,,,,,,,,,,,,,,,,,,,,1,5,,2
7/3/2014,,,,,6,3,,,,,,,,,,,,,,,,,,,,0,4,,0
7/10/2014,,,,,2,1,,,,,,,,,,,,,,,,,,,,0,1,,0
7/17/2014,,,,,0,0,,,,,,,,,,,,,,,,,,,,1,1,,1
7/24/2014,,,,,0,0,,,,,,,,,,,,,,,,,,,,1,3,,2
7/31/2014,,,,,2,2,,,,,,,,,,,,,,,,,,,,0,2,,3
8/7/2014,,,,,2,1,,,,,,,,,,,,,,,,,,,,3,1,,1
8/14/2014,,,,,1,2,,,,,,,,,,,,,,,,,,,,0,4,,9
8/21/2014,,,,,3,0,,,,,,,,,,,,,,,,,,,,50,5,,7
8/28/2014,,,,,3,3,,,,,,,,,,,,,,,,,,,,4,14,,4
9/4/2014,,,,,,,,,,,,,,,,,,,,,,,,,,,,,
9/11/2014,,,,,,,,,,,,,,,,,,,,,,,,,,,,,
9/18/2014,,,,,,,,,,,,,,,,,,,,,,,,,,,,,
9/25/2014,,,,,,,,,,,,,,,,,,,,,,,,,,,,,
10/2/2014,,,,,,,,,,,,,,,,,,,,,,,,,,,,,
4/2/2015,,,,,,,,,,,,,,,,,,,,,,,,,,,,,
4/9/2015,,,,,,,,,,,,,,,,,,,,,,,,,,,,,
4/16/2015,,,,,,,,,,,,,,,,,,,,,,,,,,,,,
4/23/2015,,,,,,,,,,,,,,,,,,,,,,,,,,,,,
4/30/2015,,,,,,,,,,,,,,,,,,,,,,,,,,,,,
5/7/2015,,,,,,,,,,,,,,,,,,,,,,,,,,,,,
5/14/2015,,,,,3,0,,,,,,,,,,,,,,,,,,,,7,2,,8
5/21/2015,,,,,16,10,,,,,,,,,,,,,,,,,,,,37,8,,51
5/28/2015,,,,,10,9,,,,,,,,,,,,,,,,,,,,20,7,,31
6/4/2015,,,,,22,38,,,,,,,,,,,,,,,,,,,,12,20,,19
6/11/2015,,,,,43,54,,,,,,,,,,,,,,,,,,,,22,23,,23
6/18/2015,,,,,40,40,,,,,,,,,,,,,,,,,,,,5,24,,5
6/25/2015,,,,,13,20,,,,,,,,,,,,,,,,,,,,2,3,,3
7/2/2015,,,,,3,6,,,,,,,,,,,,,,,,,,,,0,0,,1
7/9/2015,,,,,1,0,,,,,,,,,,,,,,,,,,,,0,0,,0
7/16/2015,,,,,0,2,,,,,,,,,,,,,,,,,,,,1,1,,1
7/23/2015,,,,,1,6,,,,,,,,,,,,,,,,,,,,11,1,,3
7/30/2015,,,,,3,3,,,,,,,,,,,,,,,,,,,,3,3,,3
8/6/2015,,,,,3,7,,,,,,,,,,,,,,,,,,,,9,5,,7
8/13/2015,,,,,0,0,,,,,,,,,,,,,,,,,,,,5,8,,2
8/20/2015,,,,,3,1,,,,,,,,,,,,,,,,,,,,1,1,,1
8/27/2015,,,,,3,2,,,,,,,,,,,,,,,,,,,,2,12,,5
9/3/2015,,,,,1,5,,,,,,,,,,,,,,,,,,,,0,5,,1
9/10/2015,,,,,2,4,,,,,,,,,,,,,,,,,,,,1,14,,1
9/17/2015,,,,,4,2,,,,,,,,,,,,,,,,,,,,0,2,,4
9/24/2015,,,,,1,0,,,,,,,,,,,,,,,,,,,,0,2,,0
10/1/2015,,,,,1,1,,,,,,,,,,,,,,,,,,,,0,0,,0
10/8/2015,,,,,,,,,,,,,,,,,,,,,,,,,,,,,
3/24/2016,,,,,,,,,,,,,,,,,,,,,,,,,,,,,
3/31/2016,,,,,,,,,,,,,,,,,,,,,,,,,,,,,
4/7/2016,,,,,,,,,,,,,,,,,,,,,,,,,,,,,
4/14/2016,,,,,,,,,,,,,,,,,,,,,,,,,,,,,
4/21/2016,,,,,,,,,,,,,,,,,,,,,,,,,,,,,
4/28/2016,,,,,,,,,,,,,,,,,,,,,,,,,,,,,
5/5/2016,,,,,,,,,,,,,,,,,,,,,,,,,,,,,
5/12/2016,,,,,0,0,,,,,,,,,,,,,,,,,,,,2,,,0
5/19/2016,,,,,2,1,,,,,,,,,,,,,,,,,,,,6,1,,2
5/26/2016,,,,,5,3,,,,,,,,,,,,,,,,,,,,12,14,,16
6/2/2016,,,,,28,10,,,,,,,,,,,,,,,,,,,,6,27,,6
6/12/2016,,,,,49,42,,,,,,,,,,,,,,,,,,,,16,42,,13
6/16/2016,,,,,6,15,,,,,,,,,,,,,,,,,,,,4,5,,4
6/23/2016,,,,,11,13,,,,,,,,,,,,,,,,,,,,1,0,,0
6/30/2016,,,,,4,3,,,,,,,,,,,,,,,,,,,,0,0,,1
7/7/2016,,,,,1,0,,,,,,,,,,,,,,,,,,,,0,0,,0
7/14/2016,,,,,1,0,,,,,,,,,,,,,,,,,,,,2,0,,0
7/21/2016,,,,,0,0,,,,,,,,,,,,,,,,,,,,1,0,,3
7/28/2016,,,,,0,0,,,,,,,,,,,,,,,,,,,,3,0,,3
8/4/2016,,,,,1,0,,,,,,,,,,,,,,,,,,,,1,1,,2
8/11/2016,,,,,0,0,,,,,,,,,,,,,,,,,,,,0,0,,4
8/18/2016,,,,,3,1,,,,,,,,,,,,,,,,,,,,0,0,,0
8/25/2016,,,,,7,6,,,,,,,,,,,,,,,,,,,,2,3,,1
9/1/2016,,,,,0,2,,,,,,,,,,,,,,,,,,,,0,6,,0
9/8/2016,,,,,0,5,,,,,,,,,,,,,,,,,,,,0,7,,2
9/14/2016,,,,,0,0,,,,,,,,,,,,,,,,,,,,0,2,,3
9/22/2016,,,,,0,0,,,,,,,,,,,,,,,,,,,,0,2,,1
9/29/2016,,,,,0,0,,,,,,,,,,,,,,,,,,,,0,2,,1
10/6/2016,,,,,0,0,,,,,,,,,,,,,,,,,,,,0,0,,0
